seq_name	n_genes_with_taxonomy	agreement	taxid	lineage
GROS22-1_SAMEA110290250_METAG-scaffold_443_length=33926_orig=NODE_443_length_33926_cov_5.965103|provirus_2_25792	9	1.0000	2561	Viruses;Duplodnaviria;Heunggongvirae;Uroviricota;Caudoviricetes;;
GROS22-1_SAMEA110290251_METAG-scaffold_161_length=56363_orig=NODE_161_length_56363_cov_8.099329_fragment_1|provirus_6418_21637	3	0.7063	2561	Viruses;Duplodnaviria;Heunggongvirae;Uroviricota;Caudoviricetes;;
GROS22-1_SAMEA110290251_METAG-scaffold_2466_length=14215_orig=NODE_2466_length_14215_cov_5.971257|provirus_1891_14195	6	1.0000	2561	Viruses;Duplodnaviria;Heunggongvirae;Uroviricota;Caudoviricetes;;
GROS22-1_SAMEA110290252_METAG-scaffold_594_length=31295_orig=NODE_594_length_31295_cov_10.343566|provirus_1_29371	19	1.0000	2561	Viruses;Duplodnaviria;Heunggongvirae;Uroviricota;Caudoviricetes;;
GROS22-1_SAMEA110290253_METAG-scaffold_1738_length=17487_orig=NODE_1738_length_17487_cov_17.491911|provirus_1925_17431	10	1.0000	2561	Viruses;Duplodnaviria;Heunggongvirae;Uroviricota;Caudoviricetes;;
GROS22-1_SAMEA110290253_METAG-scaffold_4064_length=10081_orig=NODE_4064_length_10081_cov_7.108817|provirus_2210_10081	4	1.0000	2561	Viruses;Duplodnaviria;Heunggongvirae;Uroviricota;Caudoviricetes;;
GROS22-1_SAMEA110290253_METAG-scaffold_2147_length=15343_orig=NODE_2147_length_15343_cov_5.668106|provirus_2_9253	6	1.0000	2561	Viruses;Duplodnaviria;Heunggongvirae;Uroviricota;Caudoviricetes;;
GROS22-1_SAMEA110290253_METAG-scaffold_408_length=39492_orig=NODE_408_length_39492_cov_6.887897|provirus_13253_39492	6	1.0000	2561	Viruses;Duplodnaviria;Heunggongvirae;Uroviricota;Caudoviricetes;;
GROS22-1_SAMEA110290255_METAG-scaffold_633_length=32187_orig=NODE_633_length_32187_cov_69.924841|provirus_1_22732	6	1.0000	2561	Viruses;Duplodnaviria;Heunggongvirae;Uroviricota;Caudoviricetes;;
GROS22-1_SAMEA110290255_METAG-scaffold_3348_length=12597_orig=NODE_3348_length_12597_cov_45.718944|provirus_2_9809	5	1.0000	2561	Viruses;Duplodnaviria;Heunggongvirae;Uroviricota;Caudoviricetes;;
GROS22-1_SAMEA110290256_METAG-scaffold_257_length=44287_orig=NODE_257_length_44287_cov_11.855286|provirus_1_39881	2	0.6306	8278	Viruses;Duplodnaviria;Heunggongvirae;Uroviricota;Caudoviricetes;;Ackermannviridae
GROS22-1_SAMEA110290256_METAG-scaffold_70_length=69861_orig=NODE_70_length_69861_cov_11.009584|provirus_14_8643	7	1.0000	2561	Viruses;Duplodnaviria;Heunggongvirae;Uroviricota;Caudoviricetes;;
GROS22-1_SAMEA110290256_METAG-scaffold_70_length=69861_orig=NODE_70_length_69861_cov_11.009584|provirus_15046_69751	35	0.6798	11831	Viruses;Duplodnaviria;Heunggongvirae;Uroviricota;Caudoviricetes;;Demerecviridae
GROS22-1_SAMEA110290257_METAG-scaffold_39_length=91705_orig=NODE_39_length_91705_cov_16.431806|provirus_3_55286	35	0.6798	11831	Viruses;Duplodnaviria;Heunggongvirae;Uroviricota;Caudoviricetes;;Demerecviridae
GROS22-1_SAMEA110290257_METAG-scaffold_39_length=91705_orig=NODE_39_length_91705_cov_16.431806|provirus_61689_91703	14	1.0000	2561	Viruses;Duplodnaviria;Heunggongvirae;Uroviricota;Caudoviricetes;;
GROS22-1_SAMEA110290258_METAG-scaffold_35_length=70162_orig=NODE_35_length_70162_cov_8.187414|provirus_905_10051	7	1.0000	2561	Viruses;Duplodnaviria;Heunggongvirae;Uroviricota;Caudoviricetes;;
GROS22-1_SAMEA110290258_METAG-scaffold_35_length=70162_orig=NODE_35_length_70162_cov_8.187414|provirus_16454_70162	35	0.6777	11831	Viruses;Duplodnaviria;Heunggongvirae;Uroviricota;Caudoviricetes;;Demerecviridae
GROS22-1_SAMEA110290259_METAG-scaffold_59_length=76398_orig=NODE_59_length_76398_cov_9.123469|provirus_885_10113	7	1.0000	2561	Viruses;Duplodnaviria;Heunggongvirae;Uroviricota;Caudoviricetes;;
GROS22-1_SAMEA110290259_METAG-scaffold_59_length=76398_orig=NODE_59_length_76398_cov_9.123469|provirus_16516_76396	36	0.6881	11831	Viruses;Duplodnaviria;Heunggongvirae;Uroviricota;Caudoviricetes;;Demerecviridae
GROS22-1_SAMEA110290259_METAG-scaffold_2391_length=13093_orig=NODE_2391_length_13093_cov_4.639669|provirus_1621_13010	5	1.0000	2561	Viruses;Duplodnaviria;Heunggongvirae;Uroviricota;Caudoviricetes;;
GROS22-1_SAMEA110290259_METAG-scaffold_315_length=41697_orig=NODE_315_length_41697_cov_6.060924|provirus_250_39563	9	1.0000	2561	Viruses;Duplodnaviria;Heunggongvirae;Uroviricota;Caudoviricetes;;
GROS22-1_SAMEA110290260_METAG-scaffold_78_length=78724_orig=NODE_78_length_78724_cov_8.857466|provirus_7178_78722	21	0.7236	12031	Viruses;Varidnaviria;Bamfordvirae;Nucleocytoviricota;Megaviricetes;Imitervirales;Mimiviridae
GROS22-1_SAMEA110290260_METAG-scaffold_31_length=123214_orig=NODE_31_length_123214_cov_13.830747|provirus_79_46191	10	1.0000	2561	Viruses;Duplodnaviria;Heunggongvirae;Uroviricota;Caudoviricetes;;
GROS22-1_SAMEA110290260_METAG-scaffold_31_length=123214_orig=NODE_31_length_123214_cov_13.830747|provirus_52782_123213	28	1.0000	2561	Viruses;Duplodnaviria;Heunggongvirae;Uroviricota;Caudoviricetes;;
GROS22-1_SAMEA110290260_METAG-scaffold_82_length=77137_orig=NODE_82_length_77137_cov_8.011806|provirus_928_10066	7	1.0000	2561	Viruses;Duplodnaviria;Heunggongvirae;Uroviricota;Caudoviricetes;;
GROS22-1_SAMEA110290260_METAG-scaffold_82_length=77137_orig=NODE_82_length_77137_cov_8.011806|provirus_16469_77136	37	0.6807	11831	Viruses;Duplodnaviria;Heunggongvirae;Uroviricota;Caudoviricetes;;Demerecviridae
GROS22-1_SAMEA110290260_METAG-scaffold_250_length=49317_orig=NODE_250_length_49317_cov_26.567760|provirus_4361_49315	5	1.0000	2561	Viruses;Duplodnaviria;Heunggongvirae;Uroviricota;Caudoviricetes;;
GROS22-1_SAMEA110290260_METAG-scaffold_2853_length=13213_orig=NODE_2853_length_13213_cov_3.853625|provirus_160_10658	6	1.0000	2561	Viruses;Duplodnaviria;Heunggongvirae;Uroviricota;Caudoviricetes;;
GROS22-1_SAMEA110290260_METAG-scaffold_3728_length=11068_orig=NODE_3728_length_11068_cov_14.864524|provirus_2232_11066	4	1.0000	2561	Viruses;Duplodnaviria;Heunggongvirae;Uroviricota;Caudoviricetes;;
GROS22-1_SAMEA110290260_METAG-scaffold_1328_length=21115_orig=NODE_1328_length_21115_cov_5.165147|provirus_3_13152	6	1.0000	2561	Viruses;Duplodnaviria;Heunggongvirae;Uroviricota;Caudoviricetes;;
GROS22-1_SAMEA110290260_METAG-scaffold_313_length=45155_orig=NODE_313_length_45155_cov_8.915654|provirus_9990_45153	5	0.5239	2561	Viruses;Duplodnaviria;Heunggongvirae;Uroviricota;Caudoviricetes;;
GROS22-1_SAMEA110290260_METAG-scaffold_694_length=30688_orig=NODE_694_length_30688_cov_22.420037|provirus_3647_30686	10	1.0000	2561	Viruses;Duplodnaviria;Heunggongvirae;Uroviricota;Caudoviricetes;;
GROS22-1_SAMEA110290260_METAG-scaffold_302_length=45636_orig=NODE_302_length_45636_cov_15.385248|provirus_6681_45380	10	1.0000	2561	Viruses;Duplodnaviria;Heunggongvirae;Uroviricota;Caudoviricetes;;
GROS22-1_SAMEA110290260_METAG-scaffold_311_length=45190_orig=NODE_311_length_45190_cov_46.602991|provirus_4407_45190	2	0.6306	8278	Viruses;Duplodnaviria;Heunggongvirae;Uroviricota;Caudoviricetes;;Ackermannviridae
GROS22-1_SAMEA110290261_METAG-scaffold_881_length=21451_orig=NODE_881_length_21451_cov_7.806459|provirus_1_20250	7	1.0000	2561	Viruses;Duplodnaviria;Heunggongvirae;Uroviricota;Caudoviricetes;;
GROS22-1_SAMEA110290261_METAG-scaffold_174_length=46810_orig=NODE_174_length_46810_cov_13.067950|provirus_3_42450	4	1.0000	2561	Viruses;Duplodnaviria;Heunggongvirae;Uroviricota;Caudoviricetes;;
GROS22-1_SAMEA110290261_METAG-scaffold_6_length=195339_orig=NODE_6_length_195339_cov_8.653141|provirus_7852_195337	43	0.9795	2561	Viruses;Duplodnaviria;Heunggongvirae;Uroviricota;Caudoviricetes;;
GROS22-1_SAMEA110290262_METAG-scaffold_127_length=82842_orig=NODE_127_length_82842_cov_7.749562|provirus_3_59883	36	0.6882	11831	Viruses;Duplodnaviria;Heunggongvirae;Uroviricota;Caudoviricetes;;Demerecviridae
GROS22-1_SAMEA110290262_METAG-scaffold_127_length=82842_orig=NODE_127_length_82842_cov_7.749562|provirus_66286_82466	13	1.0000	2561	Viruses;Duplodnaviria;Heunggongvirae;Uroviricota;Caudoviricetes;;
GROS22-1_SAMEA110290262_METAG-scaffold_1244_length=27983_orig=NODE_1244_length_27983_cov_7.266364|provirus_3577_27983	4	0.6661	11831	Viruses;Duplodnaviria;Heunggongvirae;Uroviricota;Caudoviricetes;;Demerecviridae
GROS22-1_SAMEA110290263_METAG-scaffold_196_length=70220_orig=NODE_196_length_70220_cov_7.779420|provirus_1_53723	36	0.6814	11831	Viruses;Duplodnaviria;Heunggongvirae;Uroviricota;Caudoviricetes;;Demerecviridae
GROS22-1_SAMEA110290263_METAG-scaffold_196_length=70220_orig=NODE_196_length_70220_cov_7.779420|provirus_60126_69287	7	1.0000	2561	Viruses;Duplodnaviria;Heunggongvirae;Uroviricota;Caudoviricetes;;
GROS22-1_SAMEA110290263_METAG-scaffold_6379_length=8502_orig=NODE_6379_length_8502_cov_11.697289|provirus_2298_8501	3	1.0000	2561	Viruses;Duplodnaviria;Heunggongvirae;Uroviricota;Caudoviricetes;;
GROS22-1_SAMEA110290264_METAG-scaffold_1368_length=19702_orig=NODE_1368_length_19702_cov_5.017153|provirus_3_4767	5	1.0000	2561	Viruses;Duplodnaviria;Heunggongvirae;Uroviricota;Caudoviricetes;;
GROS22-1_SAMEA110290264_METAG-scaffold_1368_length=19702_orig=NODE_1368_length_19702_cov_5.017153|provirus_11073_19702	7	1.0000	2561	Viruses;Duplodnaviria;Heunggongvirae;Uroviricota;Caudoviricetes;;
GROS22-1_SAMEA110290265_METAG-scaffold_111_length=83348_orig=NODE_111_length_83348_cov_7.971090|provirus_434_16597	13	1.0000	2561	Viruses;Duplodnaviria;Heunggongvirae;Uroviricota;Caudoviricetes;;
GROS22-1_SAMEA110290265_METAG-scaffold_111_length=83348_orig=NODE_111_length_83348_cov_7.971090|provirus_23000_83348	35	0.6824	11831	Viruses;Duplodnaviria;Heunggongvirae;Uroviricota;Caudoviricetes;;Demerecviridae
GROS22-1_SAMEA110290266_METAG-scaffold_302_length=66712_orig=NODE_302_length_66712_cov_5.220907|provirus_4862_66711	11	1.0000	2561	Viruses;Duplodnaviria;Heunggongvirae;Uroviricota;Caudoviricetes;;
GROS22-1_SAMEA110290266_METAG-scaffold_1880_length=20800_orig=NODE_1880_length_20800_cov_5.363847|provirus_2_19253	11	0.8831	11844	Viruses;Varidnaviria;Bamfordvirae;Nucleocytoviricota;Megaviricetes;Algavirales;Phycodnaviridae
GROS22-1_SAMEA110290272_METAG-scaffold_1482_length=16169_orig=NODE_1482_length_16169_cov_6.687415|provirus_230_10281	7	1.0000	2561	Viruses;Duplodnaviria;Heunggongvirae;Uroviricota;Caudoviricetes;;
GROS22-1_SAMEA110290273_METAG-scaffold_144_length=53618_orig=NODE_144_length_53618_cov_339.437391|provirus_1880_53618	30	1.0000	2561	Viruses;Duplodnaviria;Heunggongvirae;Uroviricota;Caudoviricetes;;
GROS22-1_SAMEA110290273_METAG-scaffold_960_length=21249_orig=NODE_960_length_21249_cov_8.644711|provirus_2994_21084	8	1.0000	2561	Viruses;Duplodnaviria;Heunggongvirae;Uroviricota;Caudoviricetes;;
GROS22-1_SAMEA110290274_METAG-scaffold_199_length=44630_orig=NODE_199_length_44630_cov_5.388761|provirus_4402_44629	17	1.0000	2561	Viruses;Duplodnaviria;Heunggongvirae;Uroviricota;Caudoviricetes;;
GROS22-1_SAMEA110290274_METAG-scaffold_45_length=75994_orig=NODE_45_length_75994_cov_9.707568|provirus_889_10027	7	1.0000	2561	Viruses;Duplodnaviria;Heunggongvirae;Uroviricota;Caudoviricetes;;
GROS22-1_SAMEA110290274_METAG-scaffold_45_length=75994_orig=NODE_45_length_75994_cov_9.707568|provirus_16430_75992	36	0.6881	11831	Viruses;Duplodnaviria;Heunggongvirae;Uroviricota;Caudoviricetes;;Demerecviridae
GROS22-1_SAMEA110290275_METAG-scaffold_33_length=90363_orig=NODE_33_length_90363_cov_11.910296|provirus_2_53790	36	0.6824	11831	Viruses;Duplodnaviria;Heunggongvirae;Uroviricota;Caudoviricetes;;Demerecviridae
GROS22-1_SAMEA110290275_METAG-scaffold_33_length=90363_orig=NODE_33_length_90363_cov_11.910296|provirus_60193_90336	14	1.0000	2561	Viruses;Duplodnaviria;Heunggongvirae;Uroviricota;Caudoviricetes;;
GROS22-1_SAMEA110290275_METAG-scaffold_81_length=64846_orig=NODE_81_length_64846_cov_6.718402|provirus_1190_59874	9	1.0000	2561	Viruses;Duplodnaviria;Heunggongvirae;Uroviricota;Caudoviricetes;;
GROS22-1_SAMEA110290276_METAG-scaffold_75_length=67955_orig=NODE_75_length_67955_cov_5.891134|provirus_1_65832	34	1.0000	2561	Viruses;Duplodnaviria;Heunggongvirae;Uroviricota;Caudoviricetes;;
GROS22-1_SAMEA110290276_METAG-scaffold_648_length=26272_orig=NODE_648_length_26272_cov_4.985620|provirus_2_21005	7	1.0000	2561	Viruses;Duplodnaviria;Heunggongvirae;Uroviricota;Caudoviricetes;;
GROS22-1_SAMEA110290276_METAG-scaffold_66_length=70627_orig=NODE_66_length_70627_cov_12.934124|provirus_878_10016	7	1.0000	2561	Viruses;Duplodnaviria;Heunggongvirae;Uroviricota;Caudoviricetes;;
GROS22-1_SAMEA110290276_METAG-scaffold_66_length=70627_orig=NODE_66_length_70627_cov_12.934124|provirus_16419_70559	35	0.6800	11831	Viruses;Duplodnaviria;Heunggongvirae;Uroviricota;Caudoviricetes;;Demerecviridae
GROS22-1_SAMEA110290276_METAG-scaffold_96_length=63218_orig=NODE_96_length_63218_cov_6.991609|provirus_3_58798	9	1.0000	2561	Viruses;Duplodnaviria;Heunggongvirae;Uroviricota;Caudoviricetes;;
GROS22-1_SAMEA110290277_METAG-scaffold_47_length=76308_orig=NODE_47_length_76308_cov_7.900502|provirus_878_10023	7	1.0000	2561	Viruses;Duplodnaviria;Heunggongvirae;Uroviricota;Caudoviricetes;;
GROS22-1_SAMEA110290277_METAG-scaffold_47_length=76308_orig=NODE_47_length_76308_cov_7.900502|provirus_16426_76306	36	0.6881	11831	Viruses;Duplodnaviria;Heunggongvirae;Uroviricota;Caudoviricetes;;Demerecviridae
GROS22-1_SAMEA110290278_METAG-scaffold_145_length=53412_orig=NODE_145_length_53412_cov_6.196394|provirus_3670_53411	16	1.0000	2561	Viruses;Duplodnaviria;Heunggongvirae;Uroviricota;Caudoviricetes;;
GROS22-1_SAMEA110290278_METAG-scaffold_180_length=49192_orig=NODE_180_length_49192_cov_25.461689|provirus_4361_49190	5	1.0000	2561	Viruses;Duplodnaviria;Heunggongvirae;Uroviricota;Caudoviricetes;;
GROS22-1_SAMEA110290278_METAG-scaffold_61_length=78583_orig=NODE_61_length_78583_cov_851.718024|provirus_3_74569	53	1.0000	2561	Viruses;Duplodnaviria;Heunggongvirae;Uroviricota;Caudoviricetes;;
GROS22-1_SAMEA110290278_METAG-scaffold_16_length=138441_orig=NODE_16_length_138441_cov_8.649206|provirus_4418_137904	20	1.0000	2561	Viruses;Duplodnaviria;Heunggongvirae;Uroviricota;Caudoviricetes;;
GROS22-1_SAMEA110290278_METAG-scaffold_41_length=96136_orig=NODE_41_length_96136_cov_5.459123|provirus_3_23823	8	1.0000	2561	Viruses;Duplodnaviria;Heunggongvirae;Uroviricota;Caudoviricetes;;
GROS22-1_SAMEA110290278_METAG-scaffold_41_length=96136_orig=NODE_41_length_96136_cov_5.459123|provirus_30259_96135	27	1.0000	2561	Viruses;Duplodnaviria;Heunggongvirae;Uroviricota;Caudoviricetes;;
GROS22-1_SAMEA110290279_METAG-scaffold_165_length=51859_orig=NODE_165_length_51859_cov_18.107057|provirus_865_51858	7	1.0000	2561	Viruses;Duplodnaviria;Heunggongvirae;Uroviricota;Caudoviricetes;;
GROS22-1_SAMEA110290279_METAG-scaffold_184_length=49327_orig=NODE_184_length_49327_cov_24.220287|provirus_4899_49325	5	1.0000	2561	Viruses;Duplodnaviria;Heunggongvirae;Uroviricota;Caudoviricetes;;
GROS22-1_SAMEA110290279_METAG-scaffold_2397_length=12984_orig=NODE_2397_length_12984_cov_2.840204|provirus_2_10465	4	1.0000	2561	Viruses;Duplodnaviria;Heunggongvirae;Uroviricota;Caudoviricetes;;
GROS22-1_SAMEA110290279_METAG-scaffold_56_length=79485_orig=NODE_56_length_79485_cov_481.624512|provirus_3_75471	53	1.0000	2561	Viruses;Duplodnaviria;Heunggongvirae;Uroviricota;Caudoviricetes;;
GROS22-1_SAMEA110290280_METAG-scaffold_67_length=82529_orig=NODE_67_length_82529_cov_14.284502|provirus_1_60778	36	0.6881	11831	Viruses;Duplodnaviria;Heunggongvirae;Uroviricota;Caudoviricetes;;Demerecviridae
GROS22-1_SAMEA110290280_METAG-scaffold_67_length=82529_orig=NODE_67_length_82529_cov_14.284502|provirus_67181_82362	12	1.0000	2561	Viruses;Duplodnaviria;Heunggongvirae;Uroviricota;Caudoviricetes;;
GROS22-1_SAMEA110290280_METAG-scaffold_27_length=119374_orig=NODE_27_length_119374_cov_6.342980|provirus_1_47007	10	1.0000	2561	Viruses;Duplodnaviria;Heunggongvirae;Uroviricota;Caudoviricetes;;
GROS22-1_SAMEA110290280_METAG-scaffold_27_length=119374_orig=NODE_27_length_119374_cov_6.342980|provirus_53443_119373	27	1.0000	2561	Viruses;Duplodnaviria;Heunggongvirae;Uroviricota;Caudoviricetes;;
GROS22-1_SAMEA110290281_METAG-scaffold_397_length=42993_orig=NODE_397_length_42993_cov_10.694001|provirus_1_26502	22	0.7366	11831	Viruses;Duplodnaviria;Heunggongvirae;Uroviricota;Caudoviricetes;;Demerecviridae
GROS22-1_SAMEA110290281_METAG-scaffold_397_length=42993_orig=NODE_397_length_42993_cov_10.694001|provirus_32905_42043	7	1.0000	2561	Viruses;Duplodnaviria;Heunggongvirae;Uroviricota;Caudoviricetes;;
GROS22-1_SAMEA110290282_METAG-scaffold_3825_length=10992_orig=NODE_3825_length_10992_cov_3.730822|provirus_2_8629	4	1.0000	2561	Viruses;Duplodnaviria;Heunggongvirae;Uroviricota;Caudoviricetes;;
GROS22-1_SAMEA110290282_METAG-scaffold_549_length=36078_orig=NODE_549_length_36078_cov_5.362463|provirus_1_31108	5	1.0000	2561	Viruses;Duplodnaviria;Heunggongvirae;Uroviricota;Caudoviricetes;;
GROS22-1_SAMEA110290282_METAG-scaffold_70_length=76328_orig=NODE_70_length_76328_cov_11.705348|provirus_905_10043	7	1.0000	2561	Viruses;Duplodnaviria;Heunggongvirae;Uroviricota;Caudoviricetes;;
GROS22-1_SAMEA110290282_METAG-scaffold_70_length=76328_orig=NODE_70_length_76328_cov_11.705348|provirus_16446_76326	36	0.6881	11831	Viruses;Duplodnaviria;Heunggongvirae;Uroviricota;Caudoviricetes;;Demerecviridae
GROS22-1_SAMEA110290283_METAG-scaffold_414_length=39032_orig=NODE_414_length_39032_cov_8.719937|provirus_2_37092	21	1.0000	2561	Viruses;Duplodnaviria;Heunggongvirae;Uroviricota;Caudoviricetes;;
GROS22-1_SAMEA110290283_METAG-scaffold_163_length=56789_orig=NODE_163_length_56789_cov_6.249974|provirus_2_40551	26	0.6118	11831	Viruses;Duplodnaviria;Heunggongvirae;Uroviricota;Caudoviricetes;;Demerecviridae
GROS22-1_SAMEA110290283_METAG-scaffold_163_length=56789_orig=NODE_163_length_56789_cov_6.249974|provirus_46955_56094	7	1.0000	2561	Viruses;Duplodnaviria;Heunggongvirae;Uroviricota;Caudoviricetes;;
GROS22-1_SAMEA110290283_METAG-scaffold_3041_length=11918_orig=NODE_3041_length_11918_cov_4.417601|provirus_1755_11918	5	1.0000	2561	Viruses;Duplodnaviria;Heunggongvirae;Uroviricota;Caudoviricetes;;
GROS22-1_SAMEA110290284_METAG-scaffold_15_length=138477_orig=NODE_15_length_138477_cov_8.650005|provirus_4386_137940	19	1.0000	2561	Viruses;Duplodnaviria;Heunggongvirae;Uroviricota;Caudoviricetes;;
GROS22-1_SAMEA110290284_METAG-scaffold_1265_length=20739_orig=NODE_1265_length_20739_cov_9.898666|provirus_5228_20737	3	1.0000	2561	Viruses;Duplodnaviria;Heunggongvirae;Uroviricota;Caudoviricetes;;
GROS22-1_SAMEA110290284_METAG-scaffold_19_length=129888_orig=NODE_19_length_129888_cov_9.803871|provirus_12_57742	11	1.0000	2561	Viruses;Duplodnaviria;Heunggongvirae;Uroviricota;Caudoviricetes;;
GROS22-1_SAMEA110290284_METAG-scaffold_19_length=129888_orig=NODE_19_length_129888_cov_9.803871|provirus_64178_129886	27	1.0000	2561	Viruses;Duplodnaviria;Heunggongvirae;Uroviricota;Caudoviricetes;;
GROS22-1_SAMEA110290284_METAG-scaffold_447_length=37385_orig=NODE_447_length_37385_cov_10.438066|provirus_15_32256	14	1.0000	2561	Viruses;Duplodnaviria;Heunggongvirae;Uroviricota;Caudoviricetes;;
GROS22-1_SAMEA110290284_METAG-scaffold_396_length=39634_orig=NODE_396_length_39634_cov_5.635716|provirus_1_29628	4	1.0000	1	Viruses;;;;;;
GROS22-1_SAMEA110290284_METAG-scaffold_283_length=45841_orig=NODE_283_length_45841_cov_9.994103|provirus_55_41481	4	1.0000	2561	Viruses;Duplodnaviria;Heunggongvirae;Uroviricota;Caudoviricetes;;
GROS22-1_SAMEA110290285_METAG-scaffold_864_length=28623_orig=NODE_864_length_28623_cov_4.018097|provirus_2_20789	10	1.0000	2561	Viruses;Duplodnaviria;Heunggongvirae;Uroviricota;Caudoviricetes;;
GROS22-1_SAMEA110290285_METAG-scaffold_17_length=169219_orig=NODE_17_length_169219_cov_11.786450|provirus_17_118023	48	1.0000	2561	Viruses;Duplodnaviria;Heunggongvirae;Uroviricota;Caudoviricetes;;
GROS22-1_SAMEA110290285_METAG-scaffold_17_length=169219_orig=NODE_17_length_169219_cov_11.786450|provirus_124459_169141	10	1.0000	2561	Viruses;Duplodnaviria;Heunggongvirae;Uroviricota;Caudoviricetes;;
GROS22-1_SAMEA110290291_METAG-scaffold_3481_length=10793_orig=NODE_3481_length_10793_cov_6.673403|provirus_1_7814	5	1.0000	2561	Viruses;Duplodnaviria;Heunggongvirae;Uroviricota;Caudoviricetes;;
GROS22-1_SAMEA110290292_METAG-scaffold_551_length=35394_orig=NODE_551_length_35394_cov_14.149070|provirus_6057_35346	5	1.0000	2561	Viruses;Duplodnaviria;Heunggongvirae;Uroviricota;Caudoviricetes;;
GROS22-1_SAMEA110290292_METAG-scaffold_650_length=32408_orig=NODE_650_length_32408_cov_4.373319|provirus_1_28234	12	1.0000	2561	Viruses;Duplodnaviria;Heunggongvirae;Uroviricota;Caudoviricetes;;
GROS22-1_SAMEA110290293_METAG-scaffold_515_length=36947_orig=NODE_515_length_36947_cov_14.885314|provirus_1_30777	5	1.0000	2561	Viruses;Duplodnaviria;Heunggongvirae;Uroviricota;Caudoviricetes;;
GROS22-1_SAMEA110290294_METAG-scaffold_130_length=62174_orig=NODE_130_length_62174_cov_5.268935|provirus_3401_62136	13	1.0000	2561	Viruses;Duplodnaviria;Heunggongvirae;Uroviricota;Caudoviricetes;;
GROS22-1_SAMEA110290294_METAG-scaffold_91_length=76582_orig=NODE_91_length_76582_cov_11.778340|provirus_366_70173	16	1.0000	2561	Viruses;Duplodnaviria;Heunggongvirae;Uroviricota;Caudoviricetes;;
GROS22-1_SAMEA110290294_METAG-scaffold_19_length=133492_orig=NODE_19_length_133492_cov_18.876376|provirus_47_12744	4	1.0000	2561	Viruses;Duplodnaviria;Heunggongvirae;Uroviricota;Caudoviricetes;;
GROS22-1_SAMEA110290294_METAG-scaffold_19_length=133492_orig=NODE_19_length_133492_cov_18.876376|provirus_21023_133491	24	0.8630	2561	Viruses;Duplodnaviria;Heunggongvirae;Uroviricota;Caudoviricetes;;
GROS22-1_SAMEA110290294_METAG-scaffold_836_length=26063_orig=NODE_836_length_26063_cov_4.282682|provirus_2749_25962	10	1.0000	2561	Viruses;Duplodnaviria;Heunggongvirae;Uroviricota;Caudoviricetes;;
GROS22-1_SAMEA110290295_METAG-scaffold_8_length=194564_orig=NODE_8_length_194564_cov_16.158342|provirus_3_165843	46	0.9295	2561	Viruses;Duplodnaviria;Heunggongvirae;Uroviricota;Caudoviricetes;;
GROS22-1_SAMEA110290295_METAG-scaffold_8_length=194564_orig=NODE_8_length_194564_cov_16.158342|provirus_174122_194562	6	1.0000	2561	Viruses;Duplodnaviria;Heunggongvirae;Uroviricota;Caudoviricetes;;
GROS22-1_SAMEA110290295_METAG-scaffold_268_length=50329_orig=NODE_268_length_50329_cov_4.961988|provirus_3226_50327	15	1.0000	2561	Viruses;Duplodnaviria;Heunggongvirae;Uroviricota;Caudoviricetes;;
GROS22-1_SAMEA110290296_METAG-scaffold_4_length=259714_orig=NODE_4_length_259714_cov_8.295684|provirus_3_24376	6	1.0000	2561	Viruses;Duplodnaviria;Heunggongvirae;Uroviricota;Caudoviricetes;;
GROS22-1_SAMEA110290296_METAG-scaffold_4_length=259714_orig=NODE_4_length_259714_cov_8.295684|provirus_40419_259617	51	0.8835	2561	Viruses;Duplodnaviria;Heunggongvirae;Uroviricota;Caudoviricetes;;
GROS22-1_SAMEA110290296_METAG-scaffold_573_length=34723_orig=NODE_573_length_34723_cov_19.815565|provirus_1_28454	5	1.0000	2561	Viruses;Duplodnaviria;Heunggongvirae;Uroviricota;Caudoviricetes;;
GROS22-1_SAMEA110290296_METAG-scaffold_4217_length=10431_orig=NODE_4217_length_10431_cov_25.458173|provirus_3001_10101	3	1.0000	2561	Viruses;Duplodnaviria;Heunggongvirae;Uroviricota;Caudoviricetes;;
GROS22-1_SAMEA110290296_METAG-scaffold_4056_length=10711_orig=NODE_4056_length_10711_cov_4.081081|provirus_2886_10711	5	1.0000	2561	Viruses;Duplodnaviria;Heunggongvirae;Uroviricota;Caudoviricetes;;
GROS22-1_SAMEA110290297_METAG-scaffold_1729_length=14743_orig=NODE_1729_length_14743_cov_4.432462|provirus_3345_14282	5	1.0000	2561	Viruses;Duplodnaviria;Heunggongvirae;Uroviricota;Caudoviricetes;;
GROS22-1_SAMEA110290297_METAG-scaffold_17_length=154393_orig=NODE_17_length_154393_cov_21.388958|provirus_220_33645	8	1.0000	2561	Viruses;Duplodnaviria;Heunggongvirae;Uroviricota;Caudoviricetes;;
GROS22-1_SAMEA110290297_METAG-scaffold_17_length=154393_orig=NODE_17_length_154393_cov_21.388958|provirus_41924_154392	23	0.8596	2561	Viruses;Duplodnaviria;Heunggongvirae;Uroviricota;Caudoviricetes;;
GROS22-1_SAMEA110290297_METAG-scaffold_4337_length=8144_orig=NODE_4337_length_8144_cov_12.157498|provirus_372_5256	3	1.0000	2561	Viruses;Duplodnaviria;Heunggongvirae;Uroviricota;Caudoviricetes;;
GROS22-1_SAMEA110290297_METAG-scaffold_130_length=59713_orig=NODE_130_length_59713_cov_8.333065|provirus_4966_59713	16	1.0000	2561	Viruses;Duplodnaviria;Heunggongvirae;Uroviricota;Caudoviricetes;;
GROS22-1_SAMEA110290302_METAG-scaffold_62_length=146955_orig=NODE_62_length_146955_cov_12.490899|provirus_1_94083	18	0.8034	2561	Viruses;Duplodnaviria;Heunggongvirae;Uroviricota;Caudoviricetes;;
GROS22-1_SAMEA110290302_METAG-scaffold_62_length=146955_orig=NODE_62_length_146955_cov_12.490899|provirus_102362_146696	11	0.5909	9067	Viruses;Duplodnaviria;Heunggongvirae;Uroviricota;Caudoviricetes;;Straboviridae
GROS22-1_SAMEA110290304_METAG-scaffold_2350_length=13261_orig=NODE_2350_length_13261_cov_4.161215|provirus_2_9250	5	1.0000	2561	Viruses;Duplodnaviria;Heunggongvirae;Uroviricota;Caudoviricetes;;
GROS22-1_SAMEA110290305_METAG-scaffold_4655_length=8562_orig=NODE_4655_length_8562_cov_5.013048|provirus_2_3460	3	1.0000	2561	Viruses;Duplodnaviria;Heunggongvirae;Uroviricota;Caudoviricetes;;
GROS22-1_SAMEA110290308_METAG-scaffold_323_length=33608_orig=NODE_323_length_33608_cov_3.906685|provirus_1_30874	6	1.0000	2561	Viruses;Duplodnaviria;Heunggongvirae;Uroviricota;Caudoviricetes;;
GROS22-1_SAMEA110290308_METAG-scaffold_346_length=32527_orig=NODE_346_length_32527_cov_5.681911|provirus_3685_32383	12	1.0000	2561	Viruses;Duplodnaviria;Heunggongvirae;Uroviricota;Caudoviricetes;;
GROS22-1_SAMEA110290308_METAG-scaffold_14_length=122986_orig=NODE_14_length_122986_cov_7.030204|provirus_3_36157	11	1.0000	2561	Viruses;Duplodnaviria;Heunggongvirae;Uroviricota;Caudoviricetes;;
GROS22-1_SAMEA110290308_METAG-scaffold_14_length=122986_orig=NODE_14_length_122986_cov_7.030204|provirus_43129_122985	39	1.0000	2561	Viruses;Duplodnaviria;Heunggongvirae;Uroviricota;Caudoviricetes;;
GROS22-1_SAMEA110290308_METAG-scaffold_3991_length=8545_orig=NODE_3991_length_8545_cov_8.324617|provirus_372_5256	3	1.0000	2561	Viruses;Duplodnaviria;Heunggongvirae;Uroviricota;Caudoviricetes;;
GROS22-1_SAMEA110290309_METAG-scaffold_173_length=46442_orig=NODE_173_length_46442_cov_5.529523|provirus_3638_46441	15	1.0000	2561	Viruses;Duplodnaviria;Heunggongvirae;Uroviricota;Caudoviricetes;;
GROS22-1_SAMEA110290309_METAG-scaffold_441_length=31008_orig=NODE_441_length_31008_cov_6.347139|provirus_3_27468	2	1.0000	2561	Viruses;Duplodnaviria;Heunggongvirae;Uroviricota;Caudoviricetes;;
GROS22-1_SAMEA110290309_METAG-scaffold_2_length=193621_orig=NODE_2_length_193621_cov_11.001426|provirus_3_164901	45	0.9278	2561	Viruses;Duplodnaviria;Heunggongvirae;Uroviricota;Caudoviricetes;;
GROS22-1_SAMEA110290309_METAG-scaffold_2_length=193621_orig=NODE_2_length_193621_cov_11.001426|provirus_173180_193620	6	1.0000	2561	Viruses;Duplodnaviria;Heunggongvirae;Uroviricota;Caudoviricetes;;
GROS22-1_SAMEA110290309_METAG-scaffold_5122_length=8024_orig=NODE_5122_length_8024_cov_9.851048|provirus_372_5136	3	1.0000	2561	Viruses;Duplodnaviria;Heunggongvirae;Uroviricota;Caudoviricetes;;
GROS22-1_SAMEA110290310_METAG-scaffold_15_length=165342_orig=NODE_15_length_165342_cov_10.005506|provirus_2_112470	23	0.8596	2561	Viruses;Duplodnaviria;Heunggongvirae;Uroviricota;Caudoviricetes;;
GROS22-1_SAMEA110290310_METAG-scaffold_15_length=165342_orig=NODE_15_length_165342_cov_10.005506|provirus_120749_165083	11	0.5909	9067	Viruses;Duplodnaviria;Heunggongvirae;Uroviricota;Caudoviricetes;;Straboviridae
GROS22-1_SAMEA110290310_METAG-scaffold_311_length=51731_orig=NODE_311_length_51731_cov_5.817807|provirus_1_15185	12	0.7544	11831	Viruses;Duplodnaviria;Heunggongvirae;Uroviricota;Caudoviricetes;;Demerecviridae
GROS22-1_SAMEA110290310_METAG-scaffold_311_length=51731_orig=NODE_311_length_51731_cov_5.817807|provirus_21475_51731	14	1.0000	2561	Viruses;Duplodnaviria;Heunggongvirae;Uroviricota;Caudoviricetes;;
GROS22-1_SAMEA110290311_METAG-scaffold_2661_length=16360_orig=NODE_2661_length_16360_cov_5.473290|provirus_1_8982	7	1.0000	2561	Viruses;Duplodnaviria;Heunggongvirae;Uroviricota;Caudoviricetes;;
GROS22-1_SAMEA110290311_METAG-scaffold_2232_length=18265_orig=NODE_2232_length_18265_cov_14.039484|provirus_1_8391	5	1.0000	2561	Viruses;Duplodnaviria;Heunggongvirae;Uroviricota;Caudoviricetes;;
GROS22-1_SAMEA110290312_METAG-scaffold_658_length=35279_orig=NODE_658_length_35279_cov_5.168124_fragment_1|provirus_1_8630	7	1.0000	2561	Viruses;Duplodnaviria;Heunggongvirae;Uroviricota;Caudoviricetes;;
GROS22-1_SAMEA110290313_METAG-scaffold_468_length=41893_orig=NODE_468_length_41893_cov_4.352240|provirus_8733_38565	8	1.0000	2561	Viruses;Duplodnaviria;Heunggongvirae;Uroviricota;Caudoviricetes;;
GROS22-1_SAMEA110290313_METAG-scaffold_247_length=57173_orig=NODE_247_length_57173_cov_6.439511|provirus_14236_57172	17	1.0000	2561	Viruses;Duplodnaviria;Heunggongvirae;Uroviricota;Caudoviricetes;;
GROS22-1_SAMEA110290314_METAG-scaffold_24_length=140594_orig=NODE_24_length_140594_cov_16.341606|provirus_1_111909	23	0.8596	2561	Viruses;Duplodnaviria;Heunggongvirae;Uroviricota;Caudoviricetes;;
GROS22-1_SAMEA110290314_METAG-scaffold_24_length=140594_orig=NODE_24_length_140594_cov_16.341606|provirus_120188_140592	6	1.0000	2561	Viruses;Duplodnaviria;Heunggongvirae;Uroviricota;Caudoviricetes;;
GROS22-1_SAMEA110290314_METAG-scaffold_3_length=260483_orig=NODE_3_length_260483_cov_9.744551|provirus_98_218954	51	0.8834	2561	Viruses;Duplodnaviria;Heunggongvirae;Uroviricota;Caudoviricetes;;
GROS22-1_SAMEA110290314_METAG-scaffold_3_length=260483_orig=NODE_3_length_260483_cov_9.744551|provirus_234997_260483	7	0.7324	2561	Viruses;Duplodnaviria;Heunggongvirae;Uroviricota;Caudoviricetes;;
GROS22-1_SAMEA110290314_METAG-scaffold_201_length=54818_orig=NODE_201_length_54818_cov_6.692329|provirus_4962_54818	16	1.0000	2561	Viruses;Duplodnaviria;Heunggongvirae;Uroviricota;Caudoviricetes;;
GROS22-1_SAMEA110290314_METAG-scaffold_593_length=30457_orig=NODE_593_length_30457_cov_19.664594|provirus_170_28289	10	1.0000	2561	Viruses;Duplodnaviria;Heunggongvirae;Uroviricota;Caudoviricetes;;
GROS22-1_SAMEA110290315_METAG-scaffold_10_length=201079_orig=NODE_10_length_201079_cov_6.972347|provirus_3_192631	32	1.0000	2561	Viruses;Duplodnaviria;Heunggongvirae;Uroviricota;Caudoviricetes;;
GROS22-1_SAMEA110290315_METAG-scaffold_5921_length=11261_orig=NODE_5921_length_11261_cov_15.123595|provirus_2889_11260	3	1.0000	2561	Viruses;Duplodnaviria;Heunggongvirae;Uroviricota;Caudoviricetes;;
GROS22-1_SAMEA110290315_METAG-scaffold_1760_length=26373_orig=NODE_1760_length_26373_cov_9.534045|provirus_3_20667	4	1.0000	2561	Viruses;Duplodnaviria;Heunggongvirae;Uroviricota;Caudoviricetes;;
GROS22-1_SAMEA110290315_METAG-scaffold_501_length=50335_orig=NODE_501_length_50335_cov_5.239737|provirus_5137_49889	11	1.0000	2561	Viruses;Duplodnaviria;Heunggongvirae;Uroviricota;Caudoviricetes;;
GROS22-1_SAMEA110290317_METAG-scaffold_658_length=16326_orig=NODE_658_length_16326_cov_4.486756|provirus_3_8994	7	1.0000	2561	Viruses;Duplodnaviria;Heunggongvirae;Uroviricota;Caudoviricetes;;
GROS22-1_SAMEA110290335_METAG-scaffold_130_length=27351_orig=NODE_130_length_27351_cov_4.329902|provirus_2_17541	5	1.0000	2561	Viruses;Duplodnaviria;Heunggongvirae;Uroviricota;Caudoviricetes;;
GROS22-1_SAMEA110290336_METAG-scaffold_190_length=19425_orig=NODE_190_length_19425_cov_3.950284|provirus_9580_18501	7	1.0000	2561	Viruses;Duplodnaviria;Heunggongvirae;Uroviricota;Caudoviricetes;;
GROS22-1_SAMEA110290336_METAG-scaffold_464_length=11163_orig=NODE_464_length_11163_cov_5.297623|provirus_3389_11161	9	0.8389	11831	Viruses;Duplodnaviria;Heunggongvirae;Uroviricota;Caudoviricetes;;Demerecviridae
GROS22-1_SAMEA110290337_METAG-scaffold_74_length=38932_orig=NODE_74_length_38932_cov_4.296396|provirus_3_18572	14	0.7556	11831	Viruses;Duplodnaviria;Heunggongvirae;Uroviricota;Caudoviricetes;;Demerecviridae
GROS22-1_SAMEA110290337_METAG-scaffold_74_length=38932_orig=NODE_74_length_38932_cov_4.296396|provirus_24977_38874	11	1.0000	2561	Viruses;Duplodnaviria;Heunggongvirae;Uroviricota;Caudoviricetes;;
GROS22-1_SAMEA110290340_METAG-scaffold_20_length=89939_orig=NODE_20_length_89939_cov_10.479351|provirus_3_29828	14	1.0000	2561	Viruses;Duplodnaviria;Heunggongvirae;Uroviricota;Caudoviricetes;;
GROS22-1_SAMEA110290340_METAG-scaffold_20_length=89939_orig=NODE_20_length_89939_cov_10.479351|provirus_36231_89939	35	0.6777	11831	Viruses;Duplodnaviria;Heunggongvirae;Uroviricota;Caudoviricetes;;Demerecviridae
GROS22-1_SAMEA110290344_METAG-scaffold_77_length=28604_orig=NODE_77_length_28604_cov_5.232618|provirus_1_12581	9	0.6559	11831	Viruses;Duplodnaviria;Heunggongvirae;Uroviricota;Caudoviricetes;;Demerecviridae
GROS22-1_SAMEA110290344_METAG-scaffold_77_length=28604_orig=NODE_77_length_28604_cov_5.232618|provirus_19010_28314	7	1.0000	2561	Viruses;Duplodnaviria;Heunggongvirae;Uroviricota;Caudoviricetes;;
GROS22-1_SAMEA110290346_METAG-scaffold_816_length=10265_orig=NODE_816_length_10265_cov_5.417924|provirus_173_5273	5	1.0000	2561	Viruses;Duplodnaviria;Heunggongvirae;Uroviricota;Caudoviricetes;;
GROS22-1_SAMEA110290346_METAG-scaffold_211_length=20341_orig=NODE_211_length_20341_cov_4.846939|provirus_7895_20341	5	1.0000	2561	Viruses;Duplodnaviria;Heunggongvirae;Uroviricota;Caudoviricetes;;
GROS22-1_SAMEA110290349_METAG-scaffold_962_length=10146_orig=NODE_962_length_10146_cov_7.422753|provirus_2_6326	6	0.9024	11831	Viruses;Duplodnaviria;Heunggongvirae;Uroviricota;Caudoviricetes;;Demerecviridae
GROS22-1_SAMEA110290352_METAG-scaffold_126_length=36296_orig=NODE_126_length_36296_cov_7.816892|provirus_967_10112	7	1.0000	2561	Viruses;Duplodnaviria;Heunggongvirae;Uroviricota;Caudoviricetes;;
GROS22-1_SAMEA110290352_METAG-scaffold_126_length=36296_orig=NODE_126_length_36296_cov_7.816892|provirus_16515_36295	14	0.7556	11831	Viruses;Duplodnaviria;Heunggongvirae;Uroviricota;Caudoviricetes;;Demerecviridae
GROS22-1_SAMEA110290353_METAG-scaffold_696_length=15085_orig=NODE_696_length_15085_cov_3.755223|provirus_1_10757	13	0.7987	11831	Viruses;Duplodnaviria;Heunggongvirae;Uroviricota;Caudoviricetes;;Demerecviridae
GROS22-1_SAMEA110290353_METAG-scaffold_23_length=70127_orig=NODE_23_length_70127_cov_9.109801|provirus_1_53709	35	0.6777	11831	Viruses;Duplodnaviria;Heunggongvirae;Uroviricota;Caudoviricetes;;Demerecviridae
GROS22-1_SAMEA110290353_METAG-scaffold_23_length=70127_orig=NODE_23_length_70127_cov_9.109801|provirus_60112_69250	7	1.0000	2561	Viruses;Duplodnaviria;Heunggongvirae;Uroviricota;Caudoviricetes;;
GROS22-1_SAMEA110290354_METAG-scaffold_22_length=69824_orig=NODE_22_length_69824_cov_6.993679|provirus_326_9464	7	1.0000	2561	Viruses;Duplodnaviria;Heunggongvirae;Uroviricota;Caudoviricetes;;
GROS22-1_SAMEA110290354_METAG-scaffold_22_length=69824_orig=NODE_22_length_69824_cov_6.993679|provirus_15867_69824	36	0.7028	11831	Viruses;Duplodnaviria;Heunggongvirae;Uroviricota;Caudoviricetes;;Demerecviridae
GROS22-1_SAMEA110290357_METAG-scaffold_170_length=15324_orig=NODE_170_length_15324_cov_4.771170|provirus_2_10472	2	1.0000	2561	Viruses;Duplodnaviria;Heunggongvirae;Uroviricota;Caudoviricetes;;
GROS22-1_SAMEA110290357_METAG-scaffold_1524_length=6016_orig=NODE_1524_length_6016_cov_3.423419|provirus_55_4537	4	1.0000	2561	Viruses;Duplodnaviria;Heunggongvirae;Uroviricota;Caudoviricetes;;
GROS22-2_SAMEA112714775_METAG-scaffold_2275_length=12381_orig=NODE_2275_length_12381_cov_5.253691|provirus_1509_8698	6	1.0000	2561	Viruses;Duplodnaviria;Heunggongvirae;Uroviricota;Caudoviricetes;;
GROS22-2_SAMEA112714777_METAG-scaffold_649_length=24216_orig=NODE_649_length_24216_cov_4.636522|provirus_7846_24009	13	1.0000	2561	Viruses;Duplodnaviria;Heunggongvirae;Uroviricota;Caudoviricetes;;
GROS22-2_SAMEA112714779_METAG-scaffold_40_length=94895_orig=NODE_40_length_94895_cov_7.495814|provirus_5800_94894	42	1.0000	2561	Viruses;Duplodnaviria;Heunggongvirae;Uroviricota;Caudoviricetes;;
GROS22-2_SAMEA112714780_METAG-scaffold_102_length=71160_orig=NODE_102_length_71160_cov_6.579734|provirus_2_65251	30	1.0000	2561	Viruses;Duplodnaviria;Heunggongvirae;Uroviricota;Caudoviricetes;;
GROS22-2_SAMEA112714781_METAG-scaffold_30_length=133180_orig=NODE_30_length_133180_cov_7.566911|provirus_3_19132	5	1.0000	2561	Viruses;Duplodnaviria;Heunggongvirae;Uroviricota;Caudoviricetes;;
GROS22-2_SAMEA112714781_METAG-scaffold_30_length=133180_orig=NODE_30_length_133180_cov_7.566911|provirus_30000_133180	31	1.0000	2561	Viruses;Duplodnaviria;Heunggongvirae;Uroviricota;Caudoviricetes;;
GROS22-2_SAMEA112714781_METAG-scaffold_1896_length=19988_orig=NODE_1896_length_19988_cov_4.184117|provirus_5855_19986	3	1.0000	2561	Viruses;Duplodnaviria;Heunggongvirae;Uroviricota;Caudoviricetes;;
GROS22-2_SAMEA112714781_METAG-scaffold_1_length=461795_orig=NODE_1_length_461795_cov_8.046528_fragment_2|provirus_1_101619	25	1.0000	2561	Viruses;Duplodnaviria;Heunggongvirae;Uroviricota;Caudoviricetes;;
GROS22-2_SAMEA112714781_METAG-scaffold_1_length=461795_orig=NODE_1_length_461795_cov_8.046528_fragment_2|provirus_106117_242837	31	0.9806	2561	Viruses;Duplodnaviria;Heunggongvirae;Uroviricota;Caudoviricetes;;
GROS22-2_SAMEA112714781_METAG-scaffold_1_length=461795_orig=NODE_1_length_461795_cov_8.046528_fragment_2|provirus_252456_381804	28	0.9801	2561	Viruses;Duplodnaviria;Heunggongvirae;Uroviricota;Caudoviricetes;;
GROS22-2_SAMEA112714781_METAG-scaffold_2764_length=15676_orig=NODE_2764_length_15676_cov_6.051213|provirus_56_13430	7	1.0000	2561	Viruses;Duplodnaviria;Heunggongvirae;Uroviricota;Caudoviricetes;;
GROS22-2_SAMEA112714782_METAG-scaffold_261_length=57892_orig=NODE_261_length_57892_cov_16.447101|provirus_1787_57891	50	1.0000	2561	Viruses;Duplodnaviria;Heunggongvirae;Uroviricota;Caudoviricetes;;
GROS22-2_SAMEA112714782_METAG-scaffold_27_length=153187_orig=NODE_27_length_153187_cov_7.903972|provirus_3_21350	5	0.8763	2561	Viruses;Duplodnaviria;Heunggongvirae;Uroviricota;Caudoviricetes;;
GROS22-2_SAMEA112714782_METAG-scaffold_27_length=153187_orig=NODE_27_length_153187_cov_7.903972|provirus_30969_153185	28	0.9801	2561	Viruses;Duplodnaviria;Heunggongvirae;Uroviricota;Caudoviricetes;;
GROS22-2_SAMEA112714782_METAG-scaffold_77_length=101637_orig=NODE_77_length_101637_cov_5.912908|provirus_4566_47803	13	1.0000	2561	Viruses;Duplodnaviria;Heunggongvirae;Uroviricota;Caudoviricetes;;
GROS22-2_SAMEA112714782_METAG-scaffold_77_length=101637_orig=NODE_77_length_101637_cov_5.912908|provirus_52301_101635	8	1.0000	2561	Viruses;Duplodnaviria;Heunggongvirae;Uroviricota;Caudoviricetes;;
GROS22-2_SAMEA112714782_METAG-scaffold_14_length=173489_orig=NODE_14_length_173489_cov_6.366554|provirus_2_19477	5	1.0000	2561	Viruses;Duplodnaviria;Heunggongvirae;Uroviricota;Caudoviricetes;;
GROS22-2_SAMEA112714782_METAG-scaffold_14_length=173489_orig=NODE_14_length_173489_cov_6.366554|provirus_30345_173489	43	0.9905	2561	Viruses;Duplodnaviria;Heunggongvirae;Uroviricota;Caudoviricetes;;
GROS22-2_SAMEA112714783_METAG-scaffold_9_length=161457_orig=NODE_9_length_161457_cov_5.779631|provirus_3_145862	44	0.9906	2561	Viruses;Duplodnaviria;Heunggongvirae;Uroviricota;Caudoviricetes;;
GROS22-2_SAMEA112714783_METAG-scaffold_13_length=155839_orig=NODE_13_length_155839_cov_5.883653|provirus_2_90771	22	1.0000	2561	Viruses;Duplodnaviria;Heunggongvirae;Uroviricota;Caudoviricetes;;
GROS22-2_SAMEA112714783_METAG-scaffold_13_length=155839_orig=NODE_13_length_155839_cov_5.883653|provirus_95269_155839	16	1.0000	2561	Viruses;Duplodnaviria;Heunggongvirae;Uroviricota;Caudoviricetes;;
GROS22-2_SAMEA112714783_METAG-scaffold_62_length=96904_orig=NODE_62_length_96904_cov_5.649062|provirus_1_76051	15	0.9601	2561	Viruses;Duplodnaviria;Heunggongvirae;Uroviricota;Caudoviricetes;;
GROS22-2_SAMEA112714783_METAG-scaffold_62_length=96904_orig=NODE_62_length_96904_cov_5.649062|provirus_85634_96903	5	1.0000	2561	Viruses;Duplodnaviria;Heunggongvirae;Uroviricota;Caudoviricetes;;
GROS22-2_SAMEA112714783_METAG-scaffold_2901_length=12808_orig=NODE_2901_length_12808_cov_5.050106|provirus_2205_12808	6	1.0000	2561	Viruses;Duplodnaviria;Heunggongvirae;Uroviricota;Caudoviricetes;;
GROS22-2_SAMEA112714784_METAG-scaffold_678_length=30665_orig=NODE_678_length_30665_cov_4.972754|provirus_1_28741	19	1.0000	2561	Viruses;Duplodnaviria;Heunggongvirae;Uroviricota;Caudoviricetes;;
GROS22-2_SAMEA112714785_METAG-scaffold_1_length=418752_orig=NODE_1_length_418752_cov_10.588607_fragment_2|provirus_1_101547	25	1.0000	2561	Viruses;Duplodnaviria;Heunggongvirae;Uroviricota;Caudoviricetes;;
GROS22-2_SAMEA112714785_METAG-scaffold_1_length=418752_orig=NODE_1_length_418752_cov_10.588607_fragment_2|provirus_106045_242884	31	0.9806	2561	Viruses;Duplodnaviria;Heunggongvirae;Uroviricota;Caudoviricetes;;
GROS22-2_SAMEA112714785_METAG-scaffold_1_length=418752_orig=NODE_1_length_418752_cov_10.588607_fragment_2|provirus_252503_381870	28	0.9801	2561	Viruses;Duplodnaviria;Heunggongvirae;Uroviricota;Caudoviricetes;;
GROS22-2_SAMEA112714785_METAG-scaffold_32_length=176002_orig=NODE_32_length_176002_cov_9.659221|provirus_2_19279	5	1.0000	2561	Viruses;Duplodnaviria;Heunggongvirae;Uroviricota;Caudoviricetes;;
GROS22-2_SAMEA112714785_METAG-scaffold_32_length=176002_orig=NODE_32_length_176002_cov_9.659221|provirus_30147_176000	44	0.9906	2561	Viruses;Duplodnaviria;Heunggongvirae;Uroviricota;Caudoviricetes;;
GROS22-2_SAMEA112714786_METAG-scaffold_1716_length=21418_orig=NODE_1716_length_21418_cov_5.002762|provirus_4129_21418	6	1.0000	2561	Viruses;Duplodnaviria;Heunggongvirae;Uroviricota;Caudoviricetes;;
GROS22-2_SAMEA112714786_METAG-scaffold_2358_length=17487_orig=NODE_2358_length_17487_cov_51.352398|provirus_1925_17431	10	1.0000	2561	Viruses;Duplodnaviria;Heunggongvirae;Uroviricota;Caudoviricetes;;
GROS22-2_SAMEA112714786_METAG-scaffold_20_length=176101_orig=NODE_20_length_176101_cov_13.121798|provirus_3_145856	44	0.9906	2561	Viruses;Duplodnaviria;Heunggongvirae;Uroviricota;Caudoviricetes;;
GROS22-2_SAMEA112714786_METAG-scaffold_20_length=176101_orig=NODE_20_length_176101_cov_13.121798|provirus_156724_176100	5	1.0000	2561	Viruses;Duplodnaviria;Heunggongvirae;Uroviricota;Caudoviricetes;;
GROS22-2_SAMEA112714786_METAG-scaffold_12_length=196551_orig=NODE_12_length_196551_cov_10.124399|provirus_4263_196550	49	0.9910	2561	Viruses;Duplodnaviria;Heunggongvirae;Uroviricota;Caudoviricetes;;
GROS22-2_SAMEA112714786_METAG-scaffold_2_length=418797_orig=NODE_2_length_418797_cov_14.231195_fragment_1|provirus_1_129371	28	0.9801	2561	Viruses;Duplodnaviria;Heunggongvirae;Uroviricota;Caudoviricetes;;
GROS22-2_SAMEA112714786_METAG-scaffold_2_length=418797_orig=NODE_2_length_418797_cov_14.231195_fragment_1|provirus_138990_275757	31	0.9806	2561	Viruses;Duplodnaviria;Heunggongvirae;Uroviricota;Caudoviricetes;;
GROS22-2_SAMEA112714786_METAG-scaffold_2_length=418797_orig=NODE_2_length_418797_cov_14.231195_fragment_1|provirus_280255_381798	25	1.0000	2561	Viruses;Duplodnaviria;Heunggongvirae;Uroviricota;Caudoviricetes;;
GROS22-2_SAMEA112714786_METAG-scaffold_599_length=39908_orig=NODE_599_length_39908_cov_7.197124|provirus_14571_39882	8	1.0000	2561	Viruses;Duplodnaviria;Heunggongvirae;Uroviricota;Caudoviricetes;;
GROS22-2_SAMEA112714787_METAG-scaffold_28_length=126300_orig=NODE_28_length_126300_cov_21.203121|provirus_13689_126174	5	1.0000	2561	Viruses;Duplodnaviria;Heunggongvirae;Uroviricota;Caudoviricetes;;
GROS22-2_SAMEA112714789_METAG-scaffold_12_length=125429_orig=NODE_12_length_125429_cov_16.845080|provirus_127_111781	5	1.0000	2561	Viruses;Duplodnaviria;Heunggongvirae;Uroviricota;Caudoviricetes;;
GROS22-2_SAMEA112714792_METAG-scaffold_98_length=125765_orig=NODE_98_length_125765_cov_56.216085|provirus_202_112077	5	1.0000	2561	Viruses;Duplodnaviria;Heunggongvirae;Uroviricota;Caudoviricetes;;
GROS22-2_SAMEA112714793_METAG-scaffold_279_length=44262_orig=NODE_279_length_44262_cov_6.416608|provirus_4652_44262	2	0.6323	8278	Viruses;Duplodnaviria;Heunggongvirae;Uroviricota;Caudoviricetes;;Ackermannviridae
GROS22-2_SAMEA112714793_METAG-scaffold_1820_length=16995_orig=NODE_1820_length_16995_cov_3.798583|provirus_1_9112	7	1.0000	2561	Viruses;Duplodnaviria;Heunggongvirae;Uroviricota;Caudoviricetes;;
GROS22-2_SAMEA112714794_METAG-scaffold_9437_length=7606_orig=NODE_9437_length_7606_cov_5.139717|provirus_2_5733	5	1.0000	2561	Viruses;Duplodnaviria;Heunggongvirae;Uroviricota;Caudoviricetes;;
GROS22-2_SAMEA112714795_METAG-scaffold_196_length=50649_orig=NODE_196_length_50649_cov_4.677234|provirus_16733_50647	10	0.6990	9067	Viruses;Duplodnaviria;Heunggongvirae;Uroviricota;Caudoviricetes;;Straboviridae
GROS22-2_SAMEA112714795_METAG-scaffold_1044_length=20995_orig=NODE_1044_length_20995_cov_4.930755|provirus_10973_20118	7	1.0000	2561	Viruses;Duplodnaviria;Heunggongvirae;Uroviricota;Caudoviricetes;;
GROS22-2_SAMEA112714795_METAG-scaffold_117_length=64151_orig=NODE_117_length_64151_cov_4.599226|provirus_1_55567	12	0.9501	2561	Viruses;Duplodnaviria;Heunggongvirae;Uroviricota;Caudoviricetes;;
GROS22-2_SAMEA112714797_METAG-scaffold_2503_length=12558_orig=NODE_2503_length_12558_cov_4.112933|provirus_1_10810	5	1.0000	2561	Viruses;Duplodnaviria;Heunggongvirae;Uroviricota;Caudoviricetes;;
GROS22-2_SAMEA112714797_METAG-scaffold_535_length=31295_orig=NODE_535_length_31295_cov_5.946863|provirus_3229_31294	10	1.0000	2561	Viruses;Duplodnaviria;Heunggongvirae;Uroviricota;Caudoviricetes;;
GROS22-2_SAMEA112714797_METAG-scaffold_4_length=199277_orig=NODE_4_length_199277_cov_7.260609|provirus_1_115958	26	0.9771	2561	Viruses;Duplodnaviria;Heunggongvirae;Uroviricota;Caudoviricetes;;
GROS22-2_SAMEA112714797_METAG-scaffold_4_length=199277_orig=NODE_4_length_199277_cov_7.260609|provirus_125577_199275	15	0.9593	2561	Viruses;Duplodnaviria;Heunggongvirae;Uroviricota;Caudoviricetes;;
GROS22-2_SAMEA112714797_METAG-scaffold_51_length=81757_orig=NODE_51_length_81757_cov_5.774473|provirus_3_56231	17	0.5419	9067	Viruses;Duplodnaviria;Heunggongvirae;Uroviricota;Caudoviricetes;;Straboviridae
GROS22-2_SAMEA112714797_METAG-scaffold_51_length=81757_orig=NODE_51_length_81757_cov_5.774473|provirus_67099_81756	5	1.0000	2561	Viruses;Duplodnaviria;Heunggongvirae;Uroviricota;Caudoviricetes;;
GROS22-2_SAMEA112714798_METAG-scaffold_650_length=28295_orig=NODE_650_length_28295_cov_9.453860|provirus_6444_28262	5	1.0000	2561	Viruses;Duplodnaviria;Heunggongvirae;Uroviricota;Caudoviricetes;;
GROS22-2_SAMEA112714798_METAG-scaffold_61_length=83339_orig=NODE_61_length_83339_cov_6.218589|provirus_2_38962	6	0.9000	2561	Viruses;Duplodnaviria;Heunggongvirae;Uroviricota;Caudoviricetes;;
GROS22-2_SAMEA112714798_METAG-scaffold_61_length=83339_orig=NODE_61_length_83339_cov_6.218589|provirus_48581_83339	12	0.9528	2561	Viruses;Duplodnaviria;Heunggongvirae;Uroviricota;Caudoviricetes;;
GROS22-2_SAMEA112714798_METAG-scaffold_2299_length=13910_orig=NODE_2299_length_13910_cov_27.265825|provirus_49_7740	2	1.0000	2561	Viruses;Duplodnaviria;Heunggongvirae;Uroviricota;Caudoviricetes;;
GROS22-2_SAMEA112714798_METAG-scaffold_7_length=172627_orig=NODE_7_length_172627_cov_6.061789|provirus_3_19093	5	1.0000	2561	Viruses;Duplodnaviria;Heunggongvirae;Uroviricota;Caudoviricetes;;
GROS22-2_SAMEA112714798_METAG-scaffold_7_length=172627_orig=NODE_7_length_172627_cov_6.061789|provirus_29961_172626	42	0.9902	2561	Viruses;Duplodnaviria;Heunggongvirae;Uroviricota;Caudoviricetes;;
GROS22-2_SAMEA112714798_METAG-scaffold_9_length=164286_orig=NODE_9_length_164286_cov_5.889802_fragment_2|provirus_1_101503	25	1.0000	2561	Viruses;Duplodnaviria;Heunggongvirae;Uroviricota;Caudoviricetes;;
GROS22-2_SAMEA112714798_METAG-scaffold_9_length=164286_orig=NODE_9_length_164286_cov_5.889802_fragment_2|provirus_106001_135388	7	1.0000	2561	Viruses;Duplodnaviria;Heunggongvirae;Uroviricota;Caudoviricetes;;
GROS22-2_SAMEA112714798_METAG-scaffold_260_length=45139_orig=NODE_260_length_45139_cov_6.272336|provirus_9196_45137	2	0.6306	8278	Viruses;Duplodnaviria;Heunggongvirae;Uroviricota;Caudoviricetes;;Ackermannviridae
GROS22-2_SAMEA112714799_METAG-scaffold_18541_length=4852_orig=NODE_18541_length_4852_cov_6.215551|provirus_1148_4850	3	1.0000	2561	Viruses;Duplodnaviria;Heunggongvirae;Uroviricota;Caudoviricetes;;
GROS22-2_SAMEA112714799_METAG-scaffold_226_length=76271_orig=NODE_226_length_76271_cov_5.479873|provirus_3_59883	37	0.6979	11831	Viruses;Duplodnaviria;Heunggongvirae;Uroviricota;Caudoviricetes;;Demerecviridae
GROS22-2_SAMEA112714799_METAG-scaffold_226_length=76271_orig=NODE_226_length_76271_cov_5.479873|provirus_66286_75424	7	1.0000	2561	Viruses;Duplodnaviria;Heunggongvirae;Uroviricota;Caudoviricetes;;
GROS22-2_SAMEA112714801_METAG-scaffold_1459_length=18004_orig=NODE_1459_length_18004_cov_3.617527|provirus_3568_18002	7	1.0000	2561	Viruses;Duplodnaviria;Heunggongvirae;Uroviricota;Caudoviricetes;;
GROS22-2_SAMEA112714801_METAG-scaffold_2048_length=14484_orig=NODE_2048_length_14484_cov_4.150599|provirus_2806_13553	7	1.0000	2561	Viruses;Duplodnaviria;Heunggongvirae;Uroviricota;Caudoviricetes;;
GROS22-2_SAMEA112714802_METAG-scaffold_24276_length=4042_orig=NODE_24276_length_4042_cov_4.315024|provirus_1171_3949	3	1.0000	2561	Viruses;Duplodnaviria;Heunggongvirae;Uroviricota;Caudoviricetes;;
GROS22-2_SAMEA112714803_METAG-scaffold_69_length=161217_orig=NODE_69_length_161217_cov_6.809769_fragment_1|provirus_1_23737	5	1.0000	2561	Viruses;Duplodnaviria;Heunggongvirae;Uroviricota;Caudoviricetes;;
GROS22-2_SAMEA112714803_METAG-scaffold_69_length=161217_orig=NODE_69_length_161217_cov_6.809769_fragment_1|provirus_28235_129927	25	1.0000	2561	Viruses;Duplodnaviria;Heunggongvirae;Uroviricota;Caudoviricetes;;
GROS22-2_SAMEA112714803_METAG-scaffold_117_length=125706_orig=NODE_117_length_125706_cov_35.537154|provirus_13690_125580	5	1.0000	2561	Viruses;Duplodnaviria;Heunggongvirae;Uroviricota;Caudoviricetes;;
GROS22-2_SAMEA112714803_METAG-scaffold_52_length=172851_orig=NODE_52_length_172851_cov_6.663783|provirus_2_19312	5	1.0000	2561	Viruses;Duplodnaviria;Heunggongvirae;Uroviricota;Caudoviricetes;;
GROS22-2_SAMEA112714803_METAG-scaffold_52_length=172851_orig=NODE_52_length_172851_cov_6.663783|provirus_30180_172850	43	0.9903	2561	Viruses;Duplodnaviria;Heunggongvirae;Uroviricota;Caudoviricetes;;
GROS22-2_SAMEA112714803_METAG-scaffold_18_length=260944_orig=NODE_18_length_260944_cov_8.239665|provirus_2_138949	29	0.9807	2561	Viruses;Duplodnaviria;Heunggongvirae;Uroviricota;Caudoviricetes;;
GROS22-2_SAMEA112714803_METAG-scaffold_18_length=260944_orig=NODE_18_length_260944_cov_8.239665|provirus_148568_259617	26	0.9768	2561	Viruses;Duplodnaviria;Heunggongvirae;Uroviricota;Caudoviricetes;;
GROS22-2_SAMEA112714804_METAG-scaffold_767_length=45804_orig=NODE_767_length_45804_cov_4.735601|provirus_14011_45202	5	1.0000	1	Viruses;;;;;;
GROS22-2_SAMEA112714804_METAG-scaffold_90_length=126009_orig=NODE_90_length_126009_cov_27.025478|provirus_13811_125883	5	1.0000	2561	Viruses;Duplodnaviria;Heunggongvirae;Uroviricota;Caudoviricetes;;
GROS22-2_SAMEA112714804_METAG-scaffold_211_length=94325_orig=NODE_211_length_94325_cov_6.018818|provirus_3_88114	11	0.9540	2561	Viruses;Duplodnaviria;Heunggongvirae;Uroviricota;Caudoviricetes;;
GROS22-2_SAMEA112714805_METAG-scaffold_218_length=39754_orig=NODE_218_length_39754_cov_8.137963|provirus_3515_39753	5	0.7832	2561	Viruses;Duplodnaviria;Heunggongvirae;Uroviricota;Caudoviricetes;;
GROS22-2_SAMEA112714806_METAG-scaffold_290_length=40357_orig=NODE_290_length_40357_cov_9.455362|provirus_1749_40356	11	1.0000	2561	Viruses;Duplodnaviria;Heunggongvirae;Uroviricota;Caudoviricetes;;
GROS22-2_SAMEA112714806_METAG-scaffold_518_length=30983_orig=NODE_518_length_30983_cov_8.593798|provirus_3852_30982	12	1.0000	2561	Viruses;Duplodnaviria;Heunggongvirae;Uroviricota;Caudoviricetes;;
GROS22-2_SAMEA112714807_METAG-scaffold_176_length=59582_orig=NODE_176_length_59582_cov_8.981454|provirus_10469_59581	7	1.0000	2561	Viruses;Duplodnaviria;Heunggongvirae;Uroviricota;Caudoviricetes;;
GROS22-2_SAMEA112714808_METAG-scaffold_433_length=38362_orig=NODE_433_length_38362_cov_7.242802|provirus_2_34142	16	1.0000	2561	Viruses;Duplodnaviria;Heunggongvirae;Uroviricota;Caudoviricetes;;
GROS22-2_SAMEA112714809_METAG-scaffold_106_length=87231_orig=NODE_106_length_87231_cov_13.512331|provirus_2_80010	16	1.0000	2561	Viruses;Duplodnaviria;Heunggongvirae;Uroviricota;Caudoviricetes;;
GROS22-2_SAMEA112714809_METAG-scaffold_735_length=37027_orig=NODE_735_length_37027_cov_16.379044|provirus_150_32840	15	1.0000	2561	Viruses;Duplodnaviria;Heunggongvirae;Uroviricota;Caudoviricetes;;
GROS22-2_SAMEA112714809_METAG-scaffold_234_length=62865_orig=NODE_234_length_62865_cov_5.303359|provirus_1_52021	13	1.0000	2561	Viruses;Duplodnaviria;Heunggongvirae;Uroviricota;Caudoviricetes;;
GROS22-2_SAMEA112714809_METAG-scaffold_10413_length=7807_orig=NODE_10413_length_7807_cov_7.347652|provirus_1304_7807	5	1.0000	2561	Viruses;Duplodnaviria;Heunggongvirae;Uroviricota;Caudoviricetes;;
GROS22-2_SAMEA112714810_METAG-scaffold_6076_length=15796_orig=NODE_6076_length_15796_cov_7.855918|provirus_2_5264	4	1.0000	2561	Viruses;Duplodnaviria;Heunggongvirae;Uroviricota;Caudoviricetes;;
GROS22-2_SAMEA112714810_METAG-scaffold_641_length=52369_orig=NODE_641_length_52369_cov_16.432408|provirus_3_45283	9	1.0000	2561	Viruses;Duplodnaviria;Heunggongvirae;Uroviricota;Caudoviricetes;;
GROS22-2_SAMEA112714810_METAG-scaffold_5532_length=16730_orig=NODE_5532_length_16730_cov_4.228666|provirus_3_14201	3	1.0000	2561	Viruses;Duplodnaviria;Heunggongvirae;Uroviricota;Caudoviricetes;;
GROS22-2_SAMEA112714810_METAG-scaffold_19937_length=7467_orig=NODE_19937_length_7467_cov_2.854695|provirus_2_4339	5	1.0000	2561	Viruses;Duplodnaviria;Heunggongvirae;Uroviricota;Caudoviricetes;;
GROS22-2_SAMEA112714810_METAG-scaffold_2637_length=25646_orig=NODE_2637_length_25646_cov_7.099136|provirus_154_22827	13	1.0000	2561	Viruses;Duplodnaviria;Heunggongvirae;Uroviricota;Caudoviricetes;;
GROS22-2_SAMEA112714810_METAG-scaffold_133_length=97193_orig=NODE_133_length_97193_cov_6.206459|provirus_1_30127	14	1.0000	2561	Viruses;Duplodnaviria;Heunggongvirae;Uroviricota;Caudoviricetes;;
GROS22-2_SAMEA112714810_METAG-scaffold_133_length=97193_orig=NODE_133_length_97193_cov_6.206459|provirus_36530_97193	36	0.6883	11831	Viruses;Duplodnaviria;Heunggongvirae;Uroviricota;Caudoviricetes;;Demerecviridae
GROS22-2_SAMEA112714810_METAG-scaffold_17717_length=8036_orig=NODE_17717_length_8036_cov_8.594286|provirus_3519_7981	4	1.0000	2561	Viruses;Duplodnaviria;Heunggongvirae;Uroviricota;Caudoviricetes;;
GROS22-2_SAMEA112714811_METAG-scaffold_2546_length=31642_orig=NODE_2546_length_31642_cov_8.507266|provirus_17131_31642	6	1.0000	2561	Viruses;Duplodnaviria;Heunggongvirae;Uroviricota;Caudoviricetes;;
GROS22-2_SAMEA112714811_METAG-scaffold_12171_length=12286_orig=NODE_12171_length_12286_cov_14.206933|provirus_2_8796	5	1.0000	2561	Viruses;Duplodnaviria;Heunggongvirae;Uroviricota;Caudoviricetes;;
GROS22-2_SAMEA112714812_METAG-scaffold_606_length=49996_orig=NODE_606_length_49996_cov_7.299794|provirus_1_42340	9	1.0000	2561	Viruses;Duplodnaviria;Heunggongvirae;Uroviricota;Caudoviricetes;;
GROS22-2_SAMEA112714812_METAG-scaffold_3958_length=18255_orig=NODE_3958_length_18255_cov_5.896923|provirus_8233_17378	7	1.0000	2561	Viruses;Duplodnaviria;Heunggongvirae;Uroviricota;Caudoviricetes;;
GROS22-2_SAMEA112714813_METAG-scaffold_6243_length=12286_orig=NODE_6243_length_12286_cov_4.422942|provirus_2_8796	5	1.0000	2561	Viruses;Duplodnaviria;Heunggongvirae;Uroviricota;Caudoviricetes;;
GROS22-2_SAMEA112714814_METAG-scaffold_949_length=47331_orig=NODE_949_length_47331_cov_6.480371|provirus_2_41378	11	1.0000	2561	Viruses;Duplodnaviria;Heunggongvirae;Uroviricota;Caudoviricetes;;
GROS22-2_SAMEA112714814_METAG-scaffold_2550_length=27064_orig=NODE_2550_length_27064_cov_15.821726|provirus_3_13152	6	1.0000	2561	Viruses;Duplodnaviria;Heunggongvirae;Uroviricota;Caudoviricetes;;
GROS22-2_SAMEA112714814_METAG-scaffold_2550_length=27064_orig=NODE_2550_length_27064_cov_15.821726|provirus_18166_27063	5	1.0000	2561	Viruses;Duplodnaviria;Heunggongvirae;Uroviricota;Caudoviricetes;;
GROS22-2_SAMEA112714814_METAG-scaffold_3_length=432160_orig=NODE_3_length_432160_cov_9.934842|provirus_248_129080	29	1.0000	2561	Viruses;Duplodnaviria;Heunggongvirae;Uroviricota;Caudoviricetes;;
GROS22-2_SAMEA112714814_METAG-scaffold_3_length=432160_orig=NODE_3_length_432160_cov_9.934842|provirus_137496_431792	54	1.0000	2561	Viruses;Duplodnaviria;Heunggongvirae;Uroviricota;Caudoviricetes;;
GROS22-2_SAMEA112714814_METAG-scaffold_69_length=149201_orig=NODE_69_length_149201_cov_8.555120|provirus_173_146179	39	0.9789	2561	Viruses;Duplodnaviria;Heunggongvirae;Uroviricota;Caudoviricetes;;
GROS22-2_SAMEA112714814_METAG-scaffold_1119_length=43572_orig=NODE_1119_length_43572_cov_15.427143|provirus_88_36551	17	1.0000	2561	Viruses;Duplodnaviria;Heunggongvirae;Uroviricota;Caudoviricetes;;
GROS22-2_SAMEA112714814_METAG-scaffold_6160_length=15172_orig=NODE_6160_length_15172_cov_35.926970|provirus_2_8907	5	1.0000	2561	Viruses;Duplodnaviria;Heunggongvirae;Uroviricota;Caudoviricetes;;
GROS22-2_SAMEA112714815_METAG-scaffold_4770_length=14006_orig=NODE_4770_length_14006_cov_32.036843|provirus_114_7741	5	1.0000	2561	Viruses;Duplodnaviria;Heunggongvirae;Uroviricota;Caudoviricetes;;
GROS22-2_SAMEA112714815_METAG-scaffold_3787_length=16294_orig=NODE_3787_length_16294_cov_11.253341|provirus_34_10052	2	1.0000	2561	Viruses;Duplodnaviria;Heunggongvirae;Uroviricota;Caudoviricetes;;
GROS22-2_SAMEA112714815_METAG-scaffold_1175_length=33650_orig=NODE_1175_length_33650_cov_4.888049|provirus_3_8624	5	1.0000	2561	Viruses;Duplodnaviria;Heunggongvirae;Uroviricota;Caudoviricetes;;
GROS22-2_SAMEA112714815_METAG-scaffold_1175_length=33650_orig=NODE_1175_length_33650_cov_4.888049|provirus_13638_33649	8	1.0000	2561	Viruses;Duplodnaviria;Heunggongvirae;Uroviricota;Caudoviricetes;;
GROS22-2_SAMEA112714815_METAG-scaffold_1819_length=25845_orig=NODE_1819_length_25845_cov_5.450291|provirus_8646_25845	9	1.0000	2561	Viruses;Duplodnaviria;Heunggongvirae;Uroviricota;Caudoviricetes;;
GROS22-2_SAMEA112714816_METAG-scaffold_323_length=63755_orig=NODE_323_length_63755_cov_5.304333|provirus_3_30621	5	1.0000	2561	Viruses;Duplodnaviria;Heunggongvirae;Uroviricota;Caudoviricetes;;
GROS22-2_SAMEA112714816_METAG-scaffold_323_length=63755_orig=NODE_323_length_63755_cov_5.304333|provirus_39001_63754	10	1.0000	2561	Viruses;Duplodnaviria;Heunggongvirae;Uroviricota;Caudoviricetes;;
GROS22-2_SAMEA112714818_METAG-scaffold_3168_length=16735_orig=NODE_3168_length_16735_cov_5.102398|provirus_2_14633	7	1.0000	2561	Viruses;Duplodnaviria;Heunggongvirae;Uroviricota;Caudoviricetes;;
GROS22-2_SAMEA112714818_METAG-scaffold_627_length=48458_orig=NODE_627_length_48458_cov_8.699192|provirus_269_43986	14	0.7566	741	Viruses;Varidnaviria;Bamfordvirae;Nucleocytoviricota;Megaviricetes;;
GROS22-2_SAMEA112714818_METAG-scaffold_81_length=133831_orig=NODE_81_length_133831_cov_7.649556|provirus_35_94666	18	1.0000	2561	Viruses;Duplodnaviria;Heunggongvirae;Uroviricota;Caudoviricetes;;
GROS22-2_SAMEA112714818_METAG-scaffold_81_length=133831_orig=NODE_81_length_133831_cov_7.649556|provirus_103046_133829	5	1.0000	2561	Viruses;Duplodnaviria;Heunggongvirae;Uroviricota;Caudoviricetes;;
GROS22-2_SAMEA112714819_METAG-scaffold_2301_length=26775_orig=NODE_2301_length_26775_cov_6.566804|provirus_7858_26773	8	1.0000	2561	Viruses;Duplodnaviria;Heunggongvirae;Uroviricota;Caudoviricetes;;
GROS22-2_SAMEA112714819_METAG-scaffold_1136_length=42609_orig=NODE_1136_length_42609_cov_10.951732|provirus_2_22343	10	0.9326	2561	Viruses;Duplodnaviria;Heunggongvirae;Uroviricota;Caudoviricetes;;
GROS22-2_SAMEA112714819_METAG-scaffold_195_length=103449_orig=NODE_195_length_103449_cov_28.234985|provirus_1_30772	5	1.0000	2561	Viruses;Duplodnaviria;Heunggongvirae;Uroviricota;Caudoviricetes;;
GROS22-2_SAMEA112714819_METAG-scaffold_195_length=103449_orig=NODE_195_length_103449_cov_28.234985|provirus_39152_103447	16	1.0000	2561	Viruses;Duplodnaviria;Heunggongvirae;Uroviricota;Caudoviricetes;;
GROS22-2_SAMEA112714821_METAG-scaffold_1032_length=33390_orig=NODE_1032_length_33390_cov_8.123024|provirus_2_28564	8	1.0000	2561	Viruses;Duplodnaviria;Heunggongvirae;Uroviricota;Caudoviricetes;;
GROS22-2_SAMEA112714821_METAG-scaffold_877_length=35865_orig=NODE_877_length_35865_cov_16.799078|provirus_2156_35864	6	0.6258	2561	Viruses;Duplodnaviria;Heunggongvirae;Uroviricota;Caudoviricetes;;
GROS22-2_SAMEA112714821_METAG-scaffold_6726_length=11312_orig=NODE_6726_length_11312_cov_5.863818|provirus_2769_11310	4	1.0000	2561	Viruses;Duplodnaviria;Heunggongvirae;Uroviricota;Caudoviricetes;;
GROS22-2_SAMEA112714821_METAG-scaffold_826_length=37027_orig=NODE_826_length_37027_cov_10.758628|provirus_150_32840	15	1.0000	2561	Viruses;Duplodnaviria;Heunggongvirae;Uroviricota;Caudoviricetes;;
GROS22-2_SAMEA112714821_METAG-scaffold_715_length=39650_orig=NODE_715_length_39650_cov_5.668645|provirus_241_35746	8	1.0000	2561	Viruses;Duplodnaviria;Heunggongvirae;Uroviricota;Caudoviricetes;;
GROS22-2_SAMEA112714822_METAG-scaffold_1869_length=25458_orig=NODE_1869_length_25458_cov_9.012479|provirus_1201_25436	11	1.0000	2561	Viruses;Duplodnaviria;Heunggongvirae;Uroviricota;Caudoviricetes;;
GROS22-2_SAMEA112714822_METAG-scaffold_9546_length=9790_orig=NODE_9546_length_9790_cov_6.786852|provirus_1324_9788	4	1.0000	2561	Viruses;Duplodnaviria;Heunggongvirae;Uroviricota;Caudoviricetes;;
GROS22-2_SAMEA112714822_METAG-scaffold_887_length=36413_orig=NODE_887_length_36413_cov_8.115078|provirus_150_32840	15	1.0000	2561	Viruses;Duplodnaviria;Heunggongvirae;Uroviricota;Caudoviricetes;;
GROS22-2_SAMEA112714822_METAG-scaffold_1409_length=29441_orig=NODE_1409_length_29441_cov_4.108181|provirus_3_23314	5	1.0000	2561	Viruses;Duplodnaviria;Heunggongvirae;Uroviricota;Caudoviricetes;;
GROS22-2_SAMEA112714822_METAG-scaffold_22799_length=5790_orig=NODE_22799_length_5790_cov_5.548736|provirus_2_4126	4	1.0000	2561	Viruses;Duplodnaviria;Heunggongvirae;Uroviricota;Caudoviricetes;;
GROS22-2_SAMEA112714824_METAG-scaffold_98_length=64398_orig=NODE_98_length_64398_cov_13.000280|provirus_14170_64396	6	1.0000	2561	Viruses;Duplodnaviria;Heunggongvirae;Uroviricota;Caudoviricetes;;
GROS22-2_SAMEA112714824_METAG-scaffold_5622_length=9071_orig=NODE_5622_length_9071_cov_4.074091|provirus_76_7845	6	1.0000	2561	Viruses;Duplodnaviria;Heunggongvirae;Uroviricota;Caudoviricetes;;
GROS22-2_SAMEA112714824_METAG-scaffold_351_length=37897_orig=NODE_351_length_37897_cov_6.672586|provirus_10779_37880	4	1.0000	2561	Viruses;Duplodnaviria;Heunggongvirae;Uroviricota;Caudoviricetes;;
GROS22-2_SAMEA112714825_METAG-scaffold_1056_length=41298_orig=NODE_1056_length_41298_cov_5.049754|provirus_16864_41297	8	1.0000	2561	Viruses;Duplodnaviria;Heunggongvirae;Uroviricota;Caudoviricetes;;
GROS22-2_SAMEA112714825_METAG-scaffold_380_length=69551_orig=NODE_380_length_69551_cov_6.486934|provirus_7796_69551	11	1.0000	2561	Viruses;Duplodnaviria;Heunggongvirae;Uroviricota;Caudoviricetes;;
GROS22-2_SAMEA112714825_METAG-scaffold_299_length=76768_orig=NODE_299_length_76768_cov_15.272522|provirus_2_70446	13	0.6259	12031	Viruses;Varidnaviria;Bamfordvirae;Nucleocytoviricota;Megaviricetes;Imitervirales;Mimiviridae
GROS22-2_SAMEA112714825_METAG-scaffold_1309_length=36611_orig=NODE_1309_length_36611_cov_13.324488|provirus_4188_36462	14	1.0000	2561	Viruses;Duplodnaviria;Heunggongvirae;Uroviricota;Caudoviricetes;;
GROS22-2_SAMEA112714826_METAG-scaffold_187_length=86153_orig=NODE_187_length_86153_cov_11.561267|provirus_6005_86152	16	1.0000	2561	Viruses;Duplodnaviria;Heunggongvirae;Uroviricota;Caudoviricetes;;
GROS22-2_SAMEA112714826_METAG-scaffold_15390_length=7299_orig=NODE_15390_length_7299_cov_3.979017|provirus_4_4448	4	1.0000	2561	Viruses;Duplodnaviria;Heunggongvirae;Uroviricota;Caudoviricetes;;
GROS22-2_SAMEA112714826_METAG-scaffold_3077_length=21024_orig=NODE_3077_length_21024_cov_7.657304|provirus_10056_21022	3	1.0000	2561	Viruses;Duplodnaviria;Heunggongvirae;Uroviricota;Caudoviricetes;;
GROS22-2_SAMEA112714826_METAG-scaffold_410_length=61020_orig=NODE_410_length_61020_cov_61.196096|provirus_6357_60849	11	1.0000	2561	Viruses;Duplodnaviria;Heunggongvirae;Uroviricota;Caudoviricetes;;
GROS22-2_SAMEA112714828_METAG-scaffold_744_length=47384_orig=NODE_744_length_47384_cov_5.580152|provirus_2935_47116	14	0.7600	741	Viruses;Varidnaviria;Bamfordvirae;Nucleocytoviricota;Megaviricetes;;
GROS22-2_SAMEA112714831_METAG-scaffold_7122_length=13276_orig=NODE_7122_length_13276_cov_3.647833|provirus_3282_13275	7	1.0000	2561	Viruses;Duplodnaviria;Heunggongvirae;Uroviricota;Caudoviricetes;;
GROS22-2_SAMEA112714831_METAG-scaffold_2974_length=26069_orig=NODE_2974_length_26069_cov_7.403667|provirus_5235_26032	24	1.0000	2561	Viruses;Duplodnaviria;Heunggongvirae;Uroviricota;Caudoviricetes;;
GROS22-2_SAMEA112714831_METAG-scaffold_1158_length=47115_orig=NODE_1158_length_47115_cov_22.803995|provirus_3_39569	3	1.0000	2561	Viruses;Duplodnaviria;Heunggongvirae;Uroviricota;Caudoviricetes;;
GROS22-2_SAMEA112714831_METAG-scaffold_874_length=55032_orig=NODE_874_length_55032_cov_11.669935|provirus_6654_54994	12	0.6009	11844	Viruses;Varidnaviria;Bamfordvirae;Nucleocytoviricota;Megaviricetes;Algavirales;Phycodnaviridae
GROS22-2_SAMEA112714831_METAG-scaffold_3231_length=24497_orig=NODE_3231_length_24497_cov_8.948122|provirus_6118_24496	3	1.0000	2561	Viruses;Duplodnaviria;Heunggongvirae;Uroviricota;Caudoviricetes;;
GROS22-2_SAMEA112714831_METAG-scaffold_120_length=134296_orig=NODE_120_length_134296_cov_10.137059|provirus_2_30776	5	1.0000	2561	Viruses;Duplodnaviria;Heunggongvirae;Uroviricota;Caudoviricetes;;
GROS22-2_SAMEA112714831_METAG-scaffold_120_length=134296_orig=NODE_120_length_134296_cov_10.137059|provirus_39156_134294	18	1.0000	2561	Viruses;Duplodnaviria;Heunggongvirae;Uroviricota;Caudoviricetes;;
GROS22-2_SAMEA112714832_METAG-scaffold_9066_length=8825_orig=NODE_9066_length_8825_cov_3.537856|provirus_1866_8824	4	1.0000	2561	Viruses;Duplodnaviria;Heunggongvirae;Uroviricota;Caudoviricetes;;
GROS22-2_SAMEA112714832_METAG-scaffold_1974_length=29504_orig=NODE_1974_length_29504_cov_11.233217|provirus_3_18900	5	0.5569	8278	Viruses;Duplodnaviria;Heunggongvirae;Uroviricota;Caudoviricetes;;Ackermannviridae
GROS22-2_SAMEA112714833_METAG-scaffold_5617_length=9592_orig=NODE_5617_length_9592_cov_3.270630|provirus_4551_9590	4	1.0000	2561	Viruses;Duplodnaviria;Heunggongvirae;Uroviricota;Caudoviricetes;;
GROS22-2_SAMEA112714837_METAG-scaffold_3749_length=11369_orig=NODE_3749_length_11369_cov_10.052059|provirus_1_9130	5	1.0000	2561	Viruses;Duplodnaviria;Heunggongvirae;Uroviricota;Caudoviricetes;;
GROS22-2_SAMEA112714837_METAG-scaffold_11928_length=5815_orig=NODE_11928_length_5815_cov_14.605208|provirus_1_4089	6	1.0000	2561	Viruses;Duplodnaviria;Heunggongvirae;Uroviricota;Caudoviricetes;;
GROS22-2_SAMEA112714837_METAG-scaffold_506_length=31863_orig=NODE_506_length_31863_cov_5.125377|provirus_8665_31863	4	1.0000	2561	Viruses;Duplodnaviria;Heunggongvirae;Uroviricota;Caudoviricetes;;
GROS22-2_SAMEA112714838_METAG-scaffold_1036_length=20878_orig=NODE_1036_length_20878_cov_7.775249|provirus_5211_20878	8	1.0000	2561	Viruses;Duplodnaviria;Heunggongvirae;Uroviricota;Caudoviricetes;;
GROS22-2_SAMEA112714839_METAG-scaffold_262_length=83475_orig=NODE_262_length_83475_cov_9.063606|provirus_246_16409	13	1.0000	2561	Viruses;Duplodnaviria;Heunggongvirae;Uroviricota;Caudoviricetes;;
GROS22-2_SAMEA112714839_METAG-scaffold_262_length=83475_orig=NODE_262_length_83475_cov_9.063606|provirus_22812_83475	36	0.6881	11831	Viruses;Duplodnaviria;Heunggongvirae;Uroviricota;Caudoviricetes;;Demerecviridae
GROS22-2_SAMEA112714839_METAG-scaffold_2285_length=27456_orig=NODE_2285_length_27456_cov_7.648589|provirus_3_23533	15	1.0000	2561	Viruses;Duplodnaviria;Heunggongvirae;Uroviricota;Caudoviricetes;;
GROS22-2_SAMEA112714839_METAG-scaffold_12408_length=8863_orig=NODE_12408_length_8863_cov_4.343892|provirus_2156_8861	3	1.0000	2561	Viruses;Duplodnaviria;Heunggongvirae;Uroviricota;Caudoviricetes;;
GROS22-2_SAMEA112714839_METAG-scaffold_4150_length=18771_orig=NODE_4150_length_18771_cov_33.011434|provirus_5228_18770	4	1.0000	2561	Viruses;Duplodnaviria;Heunggongvirae;Uroviricota;Caudoviricetes;;
GROS22-2_SAMEA112714839_METAG-scaffold_217_length=91029_orig=NODE_217_length_91029_cov_7.308231|provirus_126_26487	8	1.0000	2561	Viruses;Duplodnaviria;Heunggongvirae;Uroviricota;Caudoviricetes;;
GROS22-2_SAMEA112714839_METAG-scaffold_217_length=91029_orig=NODE_217_length_91029_cov_7.308231|provirus_31550_90979	25	1.0000	2561	Viruses;Duplodnaviria;Heunggongvirae;Uroviricota;Caudoviricetes;;
GROS22-2_SAMEA112714840_METAG-scaffold_2361_length=18283_orig=NODE_2361_length_18283_cov_5.618170|provirus_8291_17436	7	1.0000	2561	Viruses;Duplodnaviria;Heunggongvirae;Uroviricota;Caudoviricetes;;
GROS22-2_SAMEA112714840_METAG-scaffold_6409_length=9270_orig=NODE_6409_length_9270_cov_9.201845|provirus_46_8399	6	1.0000	2561	Viruses;Duplodnaviria;Heunggongvirae;Uroviricota;Caudoviricetes;;
GROS22-2_SAMEA112714841_METAG-scaffold_666_length=47284_orig=NODE_666_length_47284_cov_28.164962|provirus_97_42551	8	1.0000	2561	Viruses;Duplodnaviria;Heunggongvirae;Uroviricota;Caudoviricetes;;
GROS22-2_SAMEA112714841_METAG-scaffold_10330_length=8995_orig=NODE_10330_length_8995_cov_12.441723|provirus_1_8124	5	1.0000	2561	Viruses;Duplodnaviria;Heunggongvirae;Uroviricota;Caudoviricetes;;
GROS22-2_SAMEA112714841_METAG-scaffold_7800_length=10896_orig=NODE_7800_length_10896_cov_5.069551|provirus_1635_10285	1	1.0000	2561	Viruses;Duplodnaviria;Heunggongvirae;Uroviricota;Caudoviricetes;;
GROS22-2_SAMEA112714841_METAG-scaffold_143_length=96017_orig=NODE_143_length_96017_cov_10.813364|provirus_2_59609	36	0.6881	11831	Viruses;Duplodnaviria;Heunggongvirae;Uroviricota;Caudoviricetes;;Demerecviridae
GROS22-2_SAMEA112714841_METAG-scaffold_143_length=96017_orig=NODE_143_length_96017_cov_10.813364|provirus_66012_96015	14	1.0000	2561	Viruses;Duplodnaviria;Heunggongvirae;Uroviricota;Caudoviricetes;;
GROS22-2_SAMEA112714841_METAG-scaffold_174_length=86714_orig=NODE_174_length_86714_cov_6.636126|provirus_9308_86713	7	1.0000	2561	Viruses;Duplodnaviria;Heunggongvirae;Uroviricota;Caudoviricetes;;
GROS22-2_SAMEA112714842_METAG-scaffold_1064_length=34054_orig=NODE_1064_length_34054_cov_5.414159|provirus_8220_34000	4	1.0000	2561	Viruses;Duplodnaviria;Heunggongvirae;Uroviricota;Caudoviricetes;;
GROS22-2_SAMEA112714842_METAG-scaffold_218_length=70155_orig=NODE_218_length_70155_cov_7.869444|provirus_1_53709	35	0.6777	11831	Viruses;Duplodnaviria;Heunggongvirae;Uroviricota;Caudoviricetes;;Demerecviridae
GROS22-2_SAMEA112714842_METAG-scaffold_218_length=70155_orig=NODE_218_length_70155_cov_7.869444|provirus_60112_69278	7	1.0000	2561	Viruses;Duplodnaviria;Heunggongvirae;Uroviricota;Caudoviricetes;;
GROS22-2_SAMEA112714842_METAG-scaffold_1094_length=33469_orig=NODE_1094_length_33469_cov_6.516819|provirus_2513_33468	4	1.0000	2561	Viruses;Duplodnaviria;Heunggongvirae;Uroviricota;Caudoviricetes;;
GROS22-2_SAMEA112714842_METAG-scaffold_17504_length=5392_orig=NODE_17504_length_5392_cov_5.141840|provirus_1539_5390	4	1.0000	2561	Viruses;Duplodnaviria;Heunggongvirae;Uroviricota;Caudoviricetes;;
GROS22-2_SAMEA112714845_METAG-scaffold_4665_length=19933_orig=NODE_4665_length_19933_cov_4.262300|provirus_2851_19933	16	1.0000	2561	Viruses;Duplodnaviria;Heunggongvirae;Uroviricota;Caudoviricetes;;
GROS22-2_SAMEA112714845_METAG-scaffold_3108_length=26657_orig=NODE_3108_length_26657_cov_14.323134|provirus_1581_26655	11	1.0000	2561	Viruses;Duplodnaviria;Heunggongvirae;Uroviricota;Caudoviricetes;;
GROS22-2_SAMEA112714846_METAG-scaffold_6022_length=13085_orig=NODE_6022_length_13085_cov_3.128166|provirus_3223_13084	10	1.0000	2561	Viruses;Duplodnaviria;Heunggongvirae;Uroviricota;Caudoviricetes;;
GROS22-2_SAMEA112714846_METAG-scaffold_2477_length=24703_orig=NODE_2477_length_24703_cov_5.107798|provirus_254_19074	13	1.0000	2561	Viruses;Duplodnaviria;Heunggongvirae;Uroviricota;Caudoviricetes;;
GROS22-2_SAMEA112714849_METAG-scaffold_11430_length=9095_orig=NODE_11430_length_9095_cov_4.077323|provirus_2987_9095	5	1.0000	2561	Viruses;Duplodnaviria;Heunggongvirae;Uroviricota;Caudoviricetes;;
GROS22-2_SAMEA112714849_METAG-scaffold_4828_length=17382_orig=NODE_4828_length_17382_cov_34.422520|provirus_2502_17303	3	0.5405	12031	Viruses;Varidnaviria;Bamfordvirae;Nucleocytoviricota;Megaviricetes;Imitervirales;Mimiviridae
GROS22-2_SAMEA112714850_METAG-scaffold_3751_length=17382_orig=NODE_3751_length_17382_cov_26.601316|provirus_2502_17303	3	0.5421	12031	Viruses;Varidnaviria;Bamfordvirae;Nucleocytoviricota;Megaviricetes;Imitervirales;Mimiviridae
GROS22-2_SAMEA112714850_METAG-scaffold_7870_length=9807_orig=NODE_7870_length_9807_cov_17.069524|provirus_872_9807	6	1.0000	2561	Viruses;Duplodnaviria;Heunggongvirae;Uroviricota;Caudoviricetes;;
GROS22-2_SAMEA112714851_METAG-scaffold_16_length=147270_orig=NODE_16_length_147270_cov_18.596882_fragment_1|provirus_60976_91409	4	1.0000	2561	Viruses;Duplodnaviria;Heunggongvirae;Uroviricota;Caudoviricetes;;
GROS22-2_SAMEA112714851_METAG-scaffold_101_length=82027_orig=NODE_101_length_82027_cov_15.929574|provirus_1_74852	8	1.0000	2561	Viruses;Duplodnaviria;Heunggongvirae;Uroviricota;Caudoviricetes;;
GROS22-2_SAMEA112714851_METAG-scaffold_42_length=110921_orig=NODE_42_length_110921_cov_10.183113|provirus_1_44636	17	1.0000	2561	Viruses;Duplodnaviria;Heunggongvirae;Uroviricota;Caudoviricetes;;
GROS22-2_SAMEA112714851_METAG-scaffold_42_length=110921_orig=NODE_42_length_110921_cov_10.183113|provirus_51039_110919	36	0.6881	11831	Viruses;Duplodnaviria;Heunggongvirae;Uroviricota;Caudoviricetes;;Demerecviridae
GROS22-2_SAMEA112714852_METAG-scaffold_474_length=45856_orig=NODE_474_length_45856_cov_13.073688|provirus_261_38540	4	1.0000	2561	Viruses;Duplodnaviria;Heunggongvirae;Uroviricota;Caudoviricetes;;
GROS22-2_SAMEA112714852_METAG-scaffold_66_length=95983_orig=NODE_66_length_95983_cov_8.447857|provirus_3_59568	36	0.6881	11831	Viruses;Duplodnaviria;Heunggongvirae;Uroviricota;Caudoviricetes;;Demerecviridae
GROS22-2_SAMEA112714852_METAG-scaffold_66_length=95983_orig=NODE_66_length_95983_cov_8.447857|provirus_65971_95981	14	1.0000	2561	Viruses;Duplodnaviria;Heunggongvirae;Uroviricota;Caudoviricetes;;
GROS22-2_SAMEA112714853_METAG-scaffold_51_length=97912_orig=NODE_51_length_97912_cov_8.781038|provirus_2_31942	14	1.0000	2561	Viruses;Duplodnaviria;Heunggongvirae;Uroviricota;Caudoviricetes;;
GROS22-2_SAMEA112714853_METAG-scaffold_51_length=97912_orig=NODE_51_length_97912_cov_8.781038|provirus_38345_97910	36	0.6881	11831	Viruses;Duplodnaviria;Heunggongvirae;Uroviricota;Caudoviricetes;;Demerecviridae
GROS22-2_SAMEA112714853_METAG-scaffold_75_length=88566_orig=NODE_75_length_88566_cov_13.859068|provirus_58386_88285	4	1.0000	2561	Viruses;Duplodnaviria;Heunggongvirae;Uroviricota;Caudoviricetes;;
GROS22-2_SAMEA112714853_METAG-scaffold_1776_length=22639_orig=NODE_1776_length_22639_cov_8.565002|provirus_5010_22639	9	1.0000	2561	Viruses;Duplodnaviria;Heunggongvirae;Uroviricota;Caudoviricetes;;
GROS22-2_SAMEA112714853_METAG-scaffold_138_length=71754_orig=NODE_138_length_71754_cov_11.328986|provirus_7527_71462	8	1.0000	2561	Viruses;Duplodnaviria;Heunggongvirae;Uroviricota;Caudoviricetes;;
GROS22-2_SAMEA112714854_METAG-scaffold_1811_length=19833_orig=NODE_1811_length_19833_cov_6.893164|provirus_1_17985	9	1.0000	2561	Viruses;Duplodnaviria;Heunggongvirae;Uroviricota;Caudoviricetes;;
GROS22-2_SAMEA112714854_METAG-scaffold_86_length=77209_orig=NODE_86_length_77209_cov_5.932149|provirus_974_10112	7	1.0000	2561	Viruses;Duplodnaviria;Heunggongvirae;Uroviricota;Caudoviricetes;;
GROS22-2_SAMEA112714854_METAG-scaffold_86_length=77209_orig=NODE_86_length_77209_cov_5.932149|provirus_16515_77208	36	0.6881	11831	Viruses;Duplodnaviria;Heunggongvirae;Uroviricota;Caudoviricetes;;Demerecviridae
GROS22-2_SAMEA112714854_METAG-scaffold_236_length=53665_orig=NODE_236_length_53665_cov_7.332774|provirus_2_47142	5	1.0000	2561	Viruses;Duplodnaviria;Heunggongvirae;Uroviricota;Caudoviricetes;;
GROS22-2_SAMEA112714857_METAG-scaffold_7571_length=9301_orig=NODE_7571_length_9301_cov_7.538828|provirus_863_9216	6	1.0000	2561	Viruses;Duplodnaviria;Heunggongvirae;Uroviricota;Caudoviricetes;;
GROS22-2_SAMEA112714857_METAG-scaffold_19265_length=4878_orig=NODE_19265_length_4878_cov_4.528509|provirus_3_3305	2	1.0000	2561	Viruses;Duplodnaviria;Heunggongvirae;Uroviricota;Caudoviricetes;;
GROS22-2_SAMEA112714857_METAG-scaffold_828_length=42369_orig=NODE_828_length_42369_cov_6.435790|provirus_18_34168	17	1.0000	2561	Viruses;Duplodnaviria;Heunggongvirae;Uroviricota;Caudoviricetes;;
GROS22-2_SAMEA112714857_METAG-scaffold_9047_length=8198_orig=NODE_9047_length_8198_cov_3.700356|provirus_2188_8140	2	1.0000	2561	Viruses;Duplodnaviria;Heunggongvirae;Uroviricota;Caudoviricetes;;
GROS22-2_SAMEA112714858_METAG-scaffold_7911_length=9261_orig=NODE_7911_length_9261_cov_5.987508|provirus_863_9216	6	1.0000	2561	Viruses;Duplodnaviria;Heunggongvirae;Uroviricota;Caudoviricetes;;
GROS22-2_SAMEA112714858_METAG-scaffold_3061_length=18509_orig=NODE_3061_length_18509_cov_5.271215|provirus_848_9993	7	1.0000	2561	Viruses;Duplodnaviria;Heunggongvirae;Uroviricota;Caudoviricetes;;
GROS22-2_SAMEA112714859_METAG-scaffold_2137_length=25124_orig=NODE_2137_length_25124_cov_4.001994|provirus_226_21778	10	1.0000	2561	Viruses;Duplodnaviria;Heunggongvirae;Uroviricota;Caudoviricetes;;
GROS22-2_SAMEA112714859_METAG-scaffold_1180_length=36562_orig=NODE_1180_length_36562_cov_7.932314|provirus_6488_36514	14	1.0000	2561	Viruses;Duplodnaviria;Heunggongvirae;Uroviricota;Caudoviricetes;;
GROS22-2_SAMEA112714860_METAG-scaffold_2350_length=26871_orig=NODE_2350_length_26871_cov_8.183584|provirus_13879_26811	3	1.0000	2561	Viruses;Duplodnaviria;Heunggongvirae;Uroviricota;Caudoviricetes;;
GROS22-2_SAMEA112714860_METAG-scaffold_2365_length=26748_orig=NODE_2365_length_26748_cov_6.292736|provirus_2499_26746	5	1.0000	2561	Viruses;Duplodnaviria;Heunggongvirae;Uroviricota;Caudoviricetes;;
GROS22-2_SAMEA112714860_METAG-scaffold_4552_length=16880_orig=NODE_4552_length_16880_cov_7.284695|provirus_6865_16003	7	1.0000	2561	Viruses;Duplodnaviria;Heunggongvirae;Uroviricota;Caudoviricetes;;
GROS22-2_SAMEA112714861_METAG-scaffold_5025_length=17382_orig=NODE_5025_length_17382_cov_39.158712|provirus_2502_17303	3	0.5421	12031	Viruses;Varidnaviria;Bamfordvirae;Nucleocytoviricota;Megaviricetes;Imitervirales;Mimiviridae
GROS22-2_SAMEA112714861_METAG-scaffold_4333_length=19360_orig=NODE_4333_length_19360_cov_3.608133|provirus_3148_19359	4	1.0000	2561	Viruses;Duplodnaviria;Heunggongvirae;Uroviricota;Caudoviricetes;;
GROS22-2_SAMEA112714862_METAG-scaffold_3667_length=17378_orig=NODE_3667_length_17378_cov_25.524967|provirus_2502_17299	3	0.5405	12031	Viruses;Varidnaviria;Bamfordvirae;Nucleocytoviricota;Megaviricetes;Imitervirales;Mimiviridae
GROS22-2_SAMEA112714862_METAG-scaffold_3992_length=16289_orig=NODE_3992_length_16289_cov_4.725699|provirus_3_10885	5	0.8886	2561	Viruses;Duplodnaviria;Heunggongvirae;Uroviricota;Caudoviricetes;;
